time_stamp,entity,new_status
1626224400.0,automation.dinnerLights,on
1626224400.0,automation.lightsOnWhenMotionDetected,on
1626224400.0,automation.lightsOffWhenTooBright,on
1626224400.0,automation.lightsOffWhenNoMotion,on
1626224400.0,window,off
1626224400.0,controll.accessRoom1,off
1626239601.698513,controll.accessRoom1,on
1626239610.791699,controll.accessRoom1,off
1626248726.664248,controll.accessRoom1,on
1626248735.414039,controll.accessRoom1,off
1626261093.368467,controll.accessRoom1,on
1626261098.524511,controll.accessRoom1,off
1626261681.228889,controll.accessRoom1,on
1626261688.318968,controll.accessRoom1,off
1626263451.225294,controll.accessRoom1,on
1626263455.76081,controll.accessRoom1,off
1626263469.328818,controll.accessRoom1,on
1626263486.723887,controll.accessRoom1,off
1626265680.724468,controll.accessRoom1,on
1626265784.223522,controll.accessRoom1,off
1626269034.338421,controll.accessRoom1,on
1626269040.067285,controll.accessRoom1,off
1626285944.770097,controll.accessRoom1,on
1626286095.043361,controll.accessRoom1,off
1626224400.0,hue.motionSensor.motion,off
1626238101.022597,hue.motionSensor.motion,on
1626238116.037767,hue.motionSensor.motion,off
1626238136.036855,hue.motionSensor.motion,on
1626238156.037092,hue.motionSensor.motion,off
1626238381.039237,hue.motionSensor.motion,on
1626238436.036561,hue.motionSensor.motion,off
1626238441.037817,hue.motionSensor.motion,on
1626238466.038061,hue.motionSensor.motion,off
1626238476.023536,hue.motionSensor.motion,on
1626238501.03789,hue.motionSensor.motion,off
1626238576.03886,hue.motionSensor.motion,on
1626238586.02247,hue.motionSensor.motion,off
1626238746.036554,hue.motionSensor.motion,on
1626238776.037476,hue.motionSensor.motion,off
1626238966.037973,hue.motionSensor.motion,on
1626239011.037436,hue.motionSensor.motion,off
1626239026.037383,hue.motionSensor.motion,on
1626239036.036321,hue.motionSensor.motion,off
1626239041.021344,hue.motionSensor.motion,on
1626239056.036569,hue.motionSensor.motion,off
1626239066.041111,hue.motionSensor.motion,on
1626239076.038354,hue.motionSensor.motion,off
1626239111.038543,hue.motionSensor.motion,on
1626239126.03681,hue.motionSensor.motion,off
1626239146.03552,hue.motionSensor.motion,on
1626239156.036456,hue.motionSensor.motion,off
1626239281.024336,hue.motionSensor.motion,on
1626239291.02575,hue.motionSensor.motion,off
1626239296.039594,hue.motionSensor.motion,on
1626239316.037731,hue.motionSensor.motion,off
1626239341.037668,hue.motionSensor.motion,on
1626239351.022042,hue.motionSensor.motion,off
1626239396.038212,hue.motionSensor.motion,on
1626239416.037179,hue.motionSensor.motion,off
1626239421.025623,hue.motionSensor.motion,on
1626239441.024341,hue.motionSensor.motion,off
1626239456.037365,hue.motionSensor.motion,on
1626239466.036386,hue.motionSensor.motion,off
1626242146.038209,hue.motionSensor.motion,on
1626242161.040096,hue.motionSensor.motion,off
1626242231.022279,hue.motionSensor.motion,on
1626242251.025748,hue.motionSensor.motion,off
1626242256.039765,hue.motionSensor.motion,on
1626242286.037564,hue.motionSensor.motion,off
1626242311.037774,hue.motionSensor.motion,on
1626242326.037355,hue.motionSensor.motion,off
1626242346.037519,hue.motionSensor.motion,on
1626242376.022753,hue.motionSensor.motion,off
1626242401.022341,hue.motionSensor.motion,on
1626242421.021048,hue.motionSensor.motion,off
1626245521.038893,hue.motionSensor.motion,on
1626245531.022315,hue.motionSensor.motion,off
1626247836.037684,hue.motionSensor.motion,on
1626247846.023123,hue.motionSensor.motion,off
1626248601.037198,hue.motionSensor.motion,on
1626248631.022259,hue.motionSensor.motion,off
1626248671.03631,hue.motionSensor.motion,on
1626248731.037317,hue.motionSensor.motion,off
1626248746.024736,hue.motionSensor.motion,on
1626248761.036606,hue.motionSensor.motion,off
1626248766.037414,hue.motionSensor.motion,on
1626248821.023008,hue.motionSensor.motion,off
1626248831.037192,hue.motionSensor.motion,on
1626248846.02364,hue.motionSensor.motion,off
1626248861.036787,hue.motionSensor.motion,on
1626248871.03639,hue.motionSensor.motion,off
1626248886.037989,hue.motionSensor.motion,on
1626248911.036591,hue.motionSensor.motion,off
1626248921.037454,hue.motionSensor.motion,on
1626248936.023996,hue.motionSensor.motion,off
1626248976.037214,hue.motionSensor.motion,on
1626248986.038398,hue.motionSensor.motion,off
1626248991.021941,hue.motionSensor.motion,on
1626249001.035916,hue.motionSensor.motion,off
1626249071.037586,hue.motionSensor.motion,on
1626249081.036665,hue.motionSensor.motion,off
1626249086.037381,hue.motionSensor.motion,on
1626249096.037487,hue.motionSensor.motion,off
1626249106.037608,hue.motionSensor.motion,on
1626249116.024552,hue.motionSensor.motion,off
1626249121.037665,hue.motionSensor.motion,on
1626249131.037398,hue.motionSensor.motion,off
1626249321.043013,hue.motionSensor.motion,on
1626249351.024365,hue.motionSensor.motion,off
1626249356.038463,hue.motionSensor.motion,on
1626249366.038416,hue.motionSensor.motion,off
1626249381.025426,hue.motionSensor.motion,on
1626249391.03759,hue.motionSensor.motion,off
1626249946.0373,hue.motionSensor.motion,on
1626249956.038011,hue.motionSensor.motion,off
1626250086.024087,hue.motionSensor.motion,on
1626250111.038541,hue.motionSensor.motion,off
1626250131.035607,hue.motionSensor.motion,on
1626250161.038778,hue.motionSensor.motion,off
1626250196.037278,hue.motionSensor.motion,on
1626250206.038928,hue.motionSensor.motion,off
1626250211.036653,hue.motionSensor.motion,on
1626250226.037569,hue.motionSensor.motion,off
1626250236.037669,hue.motionSensor.motion,on
1626250256.037548,hue.motionSensor.motion,off
1626250276.024507,hue.motionSensor.motion,on
1626250286.037024,hue.motionSensor.motion,off
1626250301.02545,hue.motionSensor.motion,on
1626250311.023637,hue.motionSensor.motion,off
1626250431.022226,hue.motionSensor.motion,on
1626250441.038175,hue.motionSensor.motion,off
1626250446.036706,hue.motionSensor.motion,on
1626250456.020622,hue.motionSensor.motion,off
1626250506.021326,hue.motionSensor.motion,on
1626250516.036661,hue.motionSensor.motion,off
1626250831.039383,hue.motionSensor.motion,on
1626250846.038858,hue.motionSensor.motion,off
1626250851.037016,hue.motionSensor.motion,on
1626250876.041596,hue.motionSensor.motion,off
1626250951.023422,hue.motionSensor.motion,on
1626250971.022675,hue.motionSensor.motion,off
1626251361.021668,hue.motionSensor.motion,on
1626251401.026251,hue.motionSensor.motion,off
1626253416.023204,hue.motionSensor.motion,on
1626253426.03822,hue.motionSensor.motion,off
1626253911.036892,hue.motionSensor.motion,on
1626253926.022907,hue.motionSensor.motion,off
1626259401.036664,hue.motionSensor.motion,on
1626259416.040117,hue.motionSensor.motion,off
1626259431.036684,hue.motionSensor.motion,on
1626259446.037887,hue.motionSensor.motion,off
1626260906.023381,hue.motionSensor.motion,on
1626260931.036161,hue.motionSensor.motion,off
1626260971.036896,hue.motionSensor.motion,on
1626260981.03736,hue.motionSensor.motion,off
1626260986.03675,hue.motionSensor.motion,on
1626261001.037745,hue.motionSensor.motion,off
1626261016.037723,hue.motionSensor.motion,on
1626261036.037079,hue.motionSensor.motion,off
1626261061.037977,hue.motionSensor.motion,on
1626261096.036431,hue.motionSensor.motion,off
1626261151.021205,hue.motionSensor.motion,on
1626261161.022272,hue.motionSensor.motion,off
1626261166.022529,hue.motionSensor.motion,on
1626261176.037028,hue.motionSensor.motion,off
1626261181.020883,hue.motionSensor.motion,on
1626261191.021658,hue.motionSensor.motion,off
1626261196.037091,hue.motionSensor.motion,on
1626261231.023749,hue.motionSensor.motion,off
1626261236.037459,hue.motionSensor.motion,on
1626261251.022736,hue.motionSensor.motion,off
1626261406.035784,hue.motionSensor.motion,on
1626261426.035715,hue.motionSensor.motion,off
1626261471.038062,hue.motionSensor.motion,on
1626261481.038198,hue.motionSensor.motion,off
1626261591.038191,hue.motionSensor.motion,on
1626261601.036773,hue.motionSensor.motion,off
1626261671.035231,hue.motionSensor.motion,on
1626261691.02108,hue.motionSensor.motion,off
1626261706.022034,hue.motionSensor.motion,on
1626261721.022425,hue.motionSensor.motion,off
1626261801.023796,hue.motionSensor.motion,on
1626261811.023054,hue.motionSensor.motion,off
1626261816.038341,hue.motionSensor.motion,on
1626261841.023117,hue.motionSensor.motion,off
1626261911.037465,hue.motionSensor.motion,on
1626261921.037958,hue.motionSensor.motion,off
1626261941.036904,hue.motionSensor.motion,on
1626261961.035415,hue.motionSensor.motion,off
1626262026.023131,hue.motionSensor.motion,on
1626262041.037154,hue.motionSensor.motion,off
1626262046.03863,hue.motionSensor.motion,on
1626262071.021748,hue.motionSensor.motion,off
1626262086.022627,hue.motionSensor.motion,on
1626262101.036367,hue.motionSensor.motion,off
1626262186.038473,hue.motionSensor.motion,on
1626262201.023076,hue.motionSensor.motion,off
1626262246.03809,hue.motionSensor.motion,on
1626262256.038633,hue.motionSensor.motion,off
1626262261.037353,hue.motionSensor.motion,on
1626262276.034786,hue.motionSensor.motion,off
1626262281.036961,hue.motionSensor.motion,on
1626262296.037487,hue.motionSensor.motion,off
1626262306.023183,hue.motionSensor.motion,on
1626262326.037995,hue.motionSensor.motion,off
1626262446.037805,hue.motionSensor.motion,on
1626262456.037283,hue.motionSensor.motion,off
1626262466.023734,hue.motionSensor.motion,on
1626262471.074094,hue.motionSensor.motion,off
1626262716.025001,hue.motionSensor.motion,on
1626262731.036842,hue.motionSensor.motion,off
1626262771.02056,hue.motionSensor.motion,on
1626262781.021835,hue.motionSensor.motion,off
1626262951.038335,hue.motionSensor.motion,on
1626262961.037846,hue.motionSensor.motion,off
1626262966.037879,hue.motionSensor.motion,on
1626262976.038964,hue.motionSensor.motion,off
1626263136.037585,hue.motionSensor.motion,on
1626263146.037258,hue.motionSensor.motion,off
1626263151.03653,hue.motionSensor.motion,on
1626263166.037191,hue.motionSensor.motion,off
1626263176.037549,hue.motionSensor.motion,on
1626263196.037011,hue.motionSensor.motion,off
1626263206.036544,hue.motionSensor.motion,on
1626263231.022899,hue.motionSensor.motion,off
1626263236.050965,hue.motionSensor.motion,on
1626263246.022166,hue.motionSensor.motion,off
1626263356.037915,hue.motionSensor.motion,on
1626263391.02336,hue.motionSensor.motion,off
1626263421.037515,hue.motionSensor.motion,on
1626263436.022101,hue.motionSensor.motion,off
1626263441.038657,hue.motionSensor.motion,on
1626263451.038409,hue.motionSensor.motion,off
1626263466.037706,hue.motionSensor.motion,on
1626263476.036798,hue.motionSensor.motion,off
1626263511.023272,hue.motionSensor.motion,on
1626263531.023363,hue.motionSensor.motion,off
1626263661.03829,hue.motionSensor.motion,on
1626263676.023616,hue.motionSensor.motion,off
1626263726.036737,hue.motionSensor.motion,on
1626263736.03612,hue.motionSensor.motion,off
1626264231.02419,hue.motionSensor.motion,on
1626264241.022399,hue.motionSensor.motion,off
1626264321.039143,hue.motionSensor.motion,on
1626264336.03659,hue.motionSensor.motion,off
1626264381.038573,hue.motionSensor.motion,on
1626264401.03622,hue.motionSensor.motion,off
1626264421.037726,hue.motionSensor.motion,on
1626264431.037003,hue.motionSensor.motion,off
1626264436.022265,hue.motionSensor.motion,on
1626264486.037599,hue.motionSensor.motion,off
1626264526.022879,hue.motionSensor.motion,on
1626264536.037266,hue.motionSensor.motion,off
1626264581.023061,hue.motionSensor.motion,on
1626264616.024068,hue.motionSensor.motion,off
1626264626.024014,hue.motionSensor.motion,on
1626264636.040087,hue.motionSensor.motion,off
1626264671.040156,hue.motionSensor.motion,on
1626264686.037549,hue.motionSensor.motion,off
1626264706.041927,hue.motionSensor.motion,on
1626264776.038257,hue.motionSensor.motion,off
1626264831.037129,hue.motionSensor.motion,on
1626264851.022645,hue.motionSensor.motion,off
1626264901.036367,hue.motionSensor.motion,on
1626264911.037496,hue.motionSensor.motion,off
1626264921.047076,hue.motionSensor.motion,on
1626264931.036661,hue.motionSensor.motion,off
1626264956.038932,hue.motionSensor.motion,on
1626264966.022916,hue.motionSensor.motion,off
1626264976.037906,hue.motionSensor.motion,on
1626264996.037632,hue.motionSensor.motion,off
1626265006.042205,hue.motionSensor.motion,on
1626265021.021791,hue.motionSensor.motion,off
1626265081.037921,hue.motionSensor.motion,on
1626265091.03643,hue.motionSensor.motion,off
1626265096.037968,hue.motionSensor.motion,on
1626265106.037371,hue.motionSensor.motion,off
1626265146.03775,hue.motionSensor.motion,on
1626265171.022973,hue.motionSensor.motion,off
1626265256.038398,hue.motionSensor.motion,on
1626265266.03543,hue.motionSensor.motion,off
1626265281.036409,hue.motionSensor.motion,on
1626265291.037109,hue.motionSensor.motion,off
1626265466.022188,hue.motionSensor.motion,on
1626265476.038087,hue.motionSensor.motion,off
1626265501.036995,hue.motionSensor.motion,on
1626265526.037298,hue.motionSensor.motion,off
1626265616.023842,hue.motionSensor.motion,on
1626265641.035991,hue.motionSensor.motion,off
1626265756.037538,hue.motionSensor.motion,on
1626265771.037818,hue.motionSensor.motion,off
1626266636.022704,hue.motionSensor.motion,on
1626266646.036494,hue.motionSensor.motion,off
1626266821.037458,hue.motionSensor.motion,on
1626266831.037737,hue.motionSensor.motion,off
1626266836.037787,hue.motionSensor.motion,on
1626266851.038462,hue.motionSensor.motion,off
1626266866.035926,hue.motionSensor.motion,on
1626266881.036383,hue.motionSensor.motion,off
1626266921.038373,hue.motionSensor.motion,on
1626266931.037525,hue.motionSensor.motion,off
1626266946.036801,hue.motionSensor.motion,on
1626266961.023383,hue.motionSensor.motion,off
1626267581.038832,hue.motionSensor.motion,on
1626267596.037636,hue.motionSensor.motion,off
1626267656.023503,hue.motionSensor.motion,on
1626267671.024029,hue.motionSensor.motion,off
1626268926.038148,hue.motionSensor.motion,on
1626268936.03753,hue.motionSensor.motion,off
1626268976.036873,hue.motionSensor.motion,on
1626268986.036804,hue.motionSensor.motion,off
1626269021.038568,hue.motionSensor.motion,on
1626269041.037306,hue.motionSensor.motion,off
1626269091.036403,hue.motionSensor.motion,on
1626269106.023494,hue.motionSensor.motion,off
1626269116.026262,hue.motionSensor.motion,on
1626269126.038591,hue.motionSensor.motion,off
1626269146.03691,hue.motionSensor.motion,on
1626269156.039256,hue.motionSensor.motion,off
1626269206.03462,hue.motionSensor.motion,on
1626269216.037229,hue.motionSensor.motion,off
1626269221.037696,hue.motionSensor.motion,on
1626269241.023112,hue.motionSensor.motion,off
1626269256.036304,hue.motionSensor.motion,on
1626269276.038223,hue.motionSensor.motion,off
1626269331.036964,hue.motionSensor.motion,on
1626269341.022742,hue.motionSensor.motion,off
1626270846.023095,hue.motionSensor.motion,on
1626270856.024395,hue.motionSensor.motion,off
1626271166.023403,hue.motionSensor.motion,on
1626271176.038197,hue.motionSensor.motion,off
1626271451.040915,hue.motionSensor.motion,on
1626271461.03862,hue.motionSensor.motion,off
1626271501.038841,hue.motionSensor.motion,on
1626271511.037858,hue.motionSensor.motion,off
1626271701.03809,hue.motionSensor.motion,on
1626271711.03737,hue.motionSensor.motion,off
1626272601.085387,hue.motionSensor.motion,on
1626272611.024175,hue.motionSensor.motion,off
1626272791.038072,hue.motionSensor.motion,on
1626272806.023238,hue.motionSensor.motion,off
1626272821.037393,hue.motionSensor.motion,on
1626272836.04018,hue.motionSensor.motion,off
1626272856.038179,hue.motionSensor.motion,on
1626272866.037751,hue.motionSensor.motion,off
1626272886.037624,hue.motionSensor.motion,on
1626272906.03753,hue.motionSensor.motion,off
1626272911.038635,hue.motionSensor.motion,on
1626272926.023322,hue.motionSensor.motion,off
1626272941.038609,hue.motionSensor.motion,on
1626272951.034925,hue.motionSensor.motion,off
1626273791.037458,hue.motionSensor.motion,on
1626273806.02562,hue.motionSensor.motion,off
1626273856.038314,hue.motionSensor.motion,on
1626273866.037514,hue.motionSensor.motion,off
1626275786.036347,hue.motionSensor.motion,on
1626275801.037053,hue.motionSensor.motion,off
1626275806.038563,hue.motionSensor.motion,on
1626275816.037064,hue.motionSensor.motion,off
1626276236.039658,hue.motionSensor.motion,on
1626276251.037421,hue.motionSensor.motion,off
1626276306.038064,hue.motionSensor.motion,on
1626276321.022683,hue.motionSensor.motion,off
1626276536.039208,hue.motionSensor.motion,on
1626276551.037603,hue.motionSensor.motion,off
1626276841.037203,hue.motionSensor.motion,on
1626276851.021381,hue.motionSensor.motion,off
1626276886.037582,hue.motionSensor.motion,on
1626276896.037337,hue.motionSensor.motion,off
1626279321.021629,hue.motionSensor.motion,on
1626279336.037543,hue.motionSensor.motion,off
1626279391.023914,hue.motionSensor.motion,on
1626279406.039413,hue.motionSensor.motion,off
1626279961.024648,hue.motionSensor.motion,on
1626279996.038346,hue.motionSensor.motion,off
1626280126.037352,hue.motionSensor.motion,on
1626280161.024558,hue.motionSensor.motion,off
1626282121.019718,hue.motionSensor.motion,on
1626282146.036797,hue.motionSensor.motion,off
1626282196.037431,hue.motionSensor.motion,on
1626282236.061115,hue.motionSensor.motion,off
1626282276.022893,hue.motionSensor.motion,on
1626282316.022997,hue.motionSensor.motion,off
1626283196.037472,hue.motionSensor.motion,on
1626283211.022087,hue.motionSensor.motion,off
1626283316.023599,hue.motionSensor.motion,on
1626283326.039178,hue.motionSensor.motion,off
1626283336.036441,hue.motionSensor.motion,on
1626283411.02258,hue.motionSensor.motion,off
1626283506.026284,hue.motionSensor.motion,on
1626283516.037462,hue.motionSensor.motion,off
1626283521.023232,hue.motionSensor.motion,on
1626283531.038611,hue.motionSensor.motion,off
1626283541.037549,hue.motionSensor.motion,on
1626283551.036539,hue.motionSensor.motion,off
1626283571.037765,hue.motionSensor.motion,on
1626283591.037501,hue.motionSensor.motion,off
1626283601.037743,hue.motionSensor.motion,on
1626283611.037049,hue.motionSensor.motion,off
1626283636.038368,hue.motionSensor.motion,on
1626283646.037478,hue.motionSensor.motion,off
1626283656.022964,hue.motionSensor.motion,on
1626283681.038143,hue.motionSensor.motion,off
1626283721.021989,hue.motionSensor.motion,on
1626283736.037173,hue.motionSensor.motion,off
1626283756.038246,hue.motionSensor.motion,on
1626283766.03803,hue.motionSensor.motion,off
1626283796.023714,hue.motionSensor.motion,on
1626283806.037011,hue.motionSensor.motion,off
1626283811.038239,hue.motionSensor.motion,on
1626283821.036781,hue.motionSensor.motion,off
1626283836.038287,hue.motionSensor.motion,on
1626283841.037962,hue.motionSensor.motion,off
1626283871.036589,hue.motionSensor.motion,on
1626283881.023614,hue.motionSensor.motion,off
1626283906.036802,hue.motionSensor.motion,on
1626283921.037753,hue.motionSensor.motion,off
1626284041.037745,hue.motionSensor.motion,on
1626284051.040903,hue.motionSensor.motion,off
1626284056.020887,hue.motionSensor.motion,on
1626284076.038458,hue.motionSensor.motion,off
1626284086.03829,hue.motionSensor.motion,on
1626284101.037698,hue.motionSensor.motion,off
1626284191.038717,hue.motionSensor.motion,on
1626284201.023073,hue.motionSensor.motion,off
1626284256.03795,hue.motionSensor.motion,on
1626284271.038201,hue.motionSensor.motion,off
1626284276.03733,hue.motionSensor.motion,on
1626284286.038064,hue.motionSensor.motion,off
1626284311.024365,hue.motionSensor.motion,on
1626284321.022869,hue.motionSensor.motion,off
1626284426.037146,hue.motionSensor.motion,on
1626284436.037287,hue.motionSensor.motion,off
1626284451.037582,hue.motionSensor.motion,on
1626284471.020996,hue.motionSensor.motion,off
1626284476.022593,hue.motionSensor.motion,on
1626284481.047268,hue.motionSensor.motion,off
1626284521.036762,hue.motionSensor.motion,on
1626284541.023223,hue.motionSensor.motion,off
1626284566.037215,hue.motionSensor.motion,on
1626284586.039525,hue.motionSensor.motion,off
1626284631.037629,hue.motionSensor.motion,on
1626284651.024984,hue.motionSensor.motion,off
1626284686.037439,hue.motionSensor.motion,on
1626284696.022942,hue.motionSensor.motion,off
1626284791.021518,hue.motionSensor.motion,on
1626284801.037465,hue.motionSensor.motion,off
1626284816.035162,hue.motionSensor.motion,on
1626284831.020837,hue.motionSensor.motion,off
1626284851.036246,hue.motionSensor.motion,on
1626284876.037011,hue.motionSensor.motion,off
1626284881.037005,hue.motionSensor.motion,on
1626284896.037899,hue.motionSensor.motion,off
1626284901.037057,hue.motionSensor.motion,on
1626284936.039843,hue.motionSensor.motion,off
1626284961.021207,hue.motionSensor.motion,on
1626284991.037368,hue.motionSensor.motion,off
1626285006.037915,hue.motionSensor.motion,on
1626285031.0371,hue.motionSensor.motion,off
1626285041.022382,hue.motionSensor.motion,on
1626285061.037392,hue.motionSensor.motion,off
1626285291.038291,hue.motionSensor.motion,on
1626285311.037278,hue.motionSensor.motion,off
1626285346.022945,hue.motionSensor.motion,on
1626285356.038595,hue.motionSensor.motion,off
1626286581.038241,hue.motionSensor.motion,on
1626286601.02431,hue.motionSensor.motion,off
1626286606.038693,hue.motionSensor.motion,on
1626286626.038604,hue.motionSensor.motion,off
1626286636.036927,hue.motionSensor.motion,on
1626286681.038393,hue.motionSensor.motion,off
1626286706.036884,hue.motionSensor.motion,on
1626286716.037739,hue.motionSensor.motion,off
1626286736.036555,hue.motionSensor.motion,on
1626286751.024753,hue.motionSensor.motion,off
1626286796.04011,hue.motionSensor.motion,on
1626286821.022718,hue.motionSensor.motion,off
1626286846.036684,hue.motionSensor.motion,on
1626286876.038052,hue.motionSensor.motion,off
1626286896.023773,hue.motionSensor.motion,on
1626286916.037592,hue.motionSensor.motion,off
1626287156.040283,hue.motionSensor.motion,on
1626287176.037659,hue.motionSensor.motion,off
1626287306.037612,hue.motionSensor.motion,on
1626287316.03633,hue.motionSensor.motion,off
1626287571.022844,hue.motionSensor.motion,on
1626287581.020966,hue.motionSensor.motion,off
1626287661.036838,hue.motionSensor.motion,on
1626287671.037817,hue.motionSensor.motion,off
1626287851.037144,hue.motionSensor.motion,on
1626287871.037303,hue.motionSensor.motion,off
1626288436.037023,hue.motionSensor.motion,on
1626288461.038003,hue.motionSensor.motion,off
1626288516.069429,hue.motionSensor.motion,on
1626288551.022154,hue.motionSensor.motion,off
1626288556.021992,hue.motionSensor.motion,on
1626288586.024087,hue.motionSensor.motion,off
1626288656.036088,hue.motionSensor.motion,on
1626288726.036119,hue.motionSensor.motion,off
1626288736.037106,hue.motionSensor.motion,on
1626288761.039704,hue.motionSensor.motion,off
1626288776.036477,hue.motionSensor.motion,on
1626288816.036708,hue.motionSensor.motion,off
1626288881.022307,hue.motionSensor.motion,on
1626288911.037575,hue.motionSensor.motion,off
1626288926.02297,hue.motionSensor.motion,on
1626288951.037662,hue.motionSensor.motion,off
1626288981.036625,hue.motionSensor.motion,on
1626289056.038051,hue.motionSensor.motion,off
1626289151.037306,hue.motionSensor.motion,on
1626289201.023251,hue.motionSensor.motion,off
1626289231.021863,hue.motionSensor.motion,on
1626289256.038399,hue.motionSensor.motion,off
1626289276.023547,hue.motionSensor.motion,on
1626289526.03774,hue.motionSensor.motion,off
1626289536.023841,hue.motionSensor.motion,on
1626289576.038344,hue.motionSensor.motion,off
1626289581.021148,hue.motionSensor.motion,on
1626289656.03856,hue.motionSensor.motion,off
1626289666.038211,hue.motionSensor.motion,on
1626289691.037368,hue.motionSensor.motion,off
1626289701.03736,hue.motionSensor.motion,on
1626289741.037612,hue.motionSensor.motion,off
1626289751.036635,hue.motionSensor.motion,on
1626289761.037567,hue.motionSensor.motion,off
1626289781.021405,hue.motionSensor.motion,on
1626289791.023457,hue.motionSensor.motion,off
1626289811.036803,hue.motionSensor.motion,on
1626289841.024162,hue.motionSensor.motion,off
1626289881.037167,hue.motionSensor.motion,on
1626289901.037334,hue.motionSensor.motion,off
1626289906.037605,hue.motionSensor.motion,on
1626289916.038469,hue.motionSensor.motion,off
1626289941.036702,hue.motionSensor.motion,on
1626289986.021506,hue.motionSensor.motion,off
1626289996.02269,hue.motionSensor.motion,on
1626290016.039032,hue.motionSensor.motion,off
1626290026.038461,hue.motionSensor.motion,on
1626290061.022242,hue.motionSensor.motion,off
1626290091.036243,hue.motionSensor.motion,on
1626290101.038773,hue.motionSensor.motion,off
1626290106.021719,hue.motionSensor.motion,on
1626290156.039546,hue.motionSensor.motion,off
1626290186.022184,hue.motionSensor.motion,on
1626290216.036871,hue.motionSensor.motion,off
1626290231.037484,hue.motionSensor.motion,on
1626290241.020616,hue.motionSensor.motion,off
1626290251.035793,hue.motionSensor.motion,on
1626290316.038051,hue.motionSensor.motion,off
1626290331.0234,hue.motionSensor.motion,on
1626290361.036428,hue.motionSensor.motion,off
1626290371.021321,hue.motionSensor.motion,on
1626290436.037332,hue.motionSensor.motion,off
1626290441.022234,hue.motionSensor.motion,on
1626290456.023644,hue.motionSensor.motion,off
1626290461.041032,hue.motionSensor.motion,on
1626290521.024379,hue.motionSensor.motion,off
1626290546.02412,hue.motionSensor.motion,on
1626290561.023379,hue.motionSensor.motion,off
1626290566.025394,hue.motionSensor.motion,on
1626290576.037578,hue.motionSensor.motion,off
1626290586.020973,hue.motionSensor.motion,on
1626290661.038339,hue.motionSensor.motion,off
1626290666.036868,hue.motionSensor.motion,on
1626290676.037228,hue.motionSensor.motion,off
1626290681.024489,hue.motionSensor.motion,on
1626290821.038727,hue.motionSensor.motion,off
1626290826.025822,hue.motionSensor.motion,on
1626290976.023508,hue.motionSensor.motion,off
1626290981.03619,hue.motionSensor.motion,on
1626291021.023547,hue.motionSensor.motion,off
1626291026.023183,hue.motionSensor.motion,on
1626291046.021684,hue.motionSensor.motion,off
1626291051.021895,hue.motionSensor.motion,on
1626291076.022377,hue.motionSensor.motion,off
1626291146.036716,hue.motionSensor.motion,on
1626291196.022729,hue.motionSensor.motion,off
1626291201.03767,hue.motionSensor.motion,on
1626291241.040755,hue.motionSensor.motion,off
1626291286.038323,hue.motionSensor.motion,on
1626291301.022495,hue.motionSensor.motion,off
1626291311.037726,hue.motionSensor.motion,on
1626291331.037106,hue.motionSensor.motion,off
1626291336.038741,hue.motionSensor.motion,on
1626291351.022393,hue.motionSensor.motion,off
1626291361.037843,hue.motionSensor.motion,on
1626291376.037178,hue.motionSensor.motion,off
1626291401.038021,hue.motionSensor.motion,on
1626291416.037987,hue.motionSensor.motion,off
1626291441.036686,hue.motionSensor.motion,on
1626291486.03857,hue.motionSensor.motion,off
1626291501.024262,hue.motionSensor.motion,on
1626291511.023804,hue.motionSensor.motion,off
1626291516.037457,hue.motionSensor.motion,on
1626291526.037758,hue.motionSensor.motion,off
1626291531.037677,hue.motionSensor.motion,on
1626291546.035615,hue.motionSensor.motion,off
1626291586.022469,hue.motionSensor.motion,on
1626291596.038417,hue.motionSensor.motion,off
1626291621.03783,hue.motionSensor.motion,on
1626291631.038115,hue.motionSensor.motion,off
1626291636.023002,hue.motionSensor.motion,on
1626291661.038328,hue.motionSensor.motion,off
1626291701.03795,hue.motionSensor.motion,on
1626291711.03675,hue.motionSensor.motion,off
1626291781.036823,hue.motionSensor.motion,on
1626291881.038111,hue.motionSensor.motion,off
1626292161.037546,hue.motionSensor.motion,on
1626292181.02171,hue.motionSensor.motion,off
1626292196.037475,hue.motionSensor.motion,on
1626292256.038149,hue.motionSensor.motion,off
1626292271.037232,hue.motionSensor.motion,on
1626292296.036427,hue.motionSensor.motion,off
1626292306.037463,hue.motionSensor.motion,on
1626292336.037925,hue.motionSensor.motion,off
1626292421.021921,hue.motionSensor.motion,on
1626292451.037549,hue.motionSensor.motion,off
1626292481.037169,hue.motionSensor.motion,on
1626292496.021837,hue.motionSensor.motion,off
1626292506.037757,hue.motionSensor.motion,on
1626292536.036743,hue.motionSensor.motion,off
1626292546.037427,hue.motionSensor.motion,on
1626292556.021834,hue.motionSensor.motion,off
1626292631.02104,hue.motionSensor.motion,on
1626292661.03675,hue.motionSensor.motion,off
1626292666.038363,hue.motionSensor.motion,on
1626292671.037908,hue.motionSensor.motion,off
1626292686.037984,hue.motionSensor.motion,on
1626292696.038242,hue.motionSensor.motion,off
1626292706.042755,hue.motionSensor.motion,on
1626292716.037135,hue.motionSensor.motion,off
1626293066.024259,hue.motionSensor.motion,on
1626293096.039355,hue.motionSensor.motion,off
1626293131.037266,hue.motionSensor.motion,on
1626293146.037464,hue.motionSensor.motion,off
1626293171.036785,hue.motionSensor.motion,on
1626293181.036583,hue.motionSensor.motion,off
1626293341.038006,hue.motionSensor.motion,on
1626293351.03764,hue.motionSensor.motion,off
1626293961.037204,hue.motionSensor.motion,on
1626293996.037772,hue.motionSensor.motion,off
1626294001.022591,hue.motionSensor.motion,on
1626294036.040244,hue.motionSensor.motion,off
1626294051.037517,hue.motionSensor.motion,on
1626294061.035712,hue.motionSensor.motion,off
1626294181.021273,hue.motionSensor.motion,on
1626294191.022653,hue.motionSensor.motion,off
1626294291.036772,hue.motionSensor.motion,on
1626294301.022546,hue.motionSensor.motion,off
1626294306.022705,hue.motionSensor.motion,on
1626294316.037505,hue.motionSensor.motion,off
1626294361.036371,hue.motionSensor.motion,on
1626294371.036483,hue.motionSensor.motion,off
1626294376.023479,hue.motionSensor.motion,on
1626294396.023462,hue.motionSensor.motion,off
1626294421.021497,hue.motionSensor.motion,on
1626294436.036362,hue.motionSensor.motion,off
1626294441.023084,hue.motionSensor.motion,on
1626294471.023179,hue.motionSensor.motion,off
1626294476.021025,hue.motionSensor.motion,on
1626294486.036386,hue.motionSensor.motion,off
1626294501.037541,hue.motionSensor.motion,on
1626294516.037379,hue.motionSensor.motion,off
1626294731.037354,hue.motionSensor.motion,on
1626294746.03839,hue.motionSensor.motion,off
1626294846.038077,hue.motionSensor.motion,on
1626294856.038558,hue.motionSensor.motion,off
1626295416.021744,hue.motionSensor.motion,on
1626295426.037954,hue.motionSensor.motion,off
1626295516.037525,hue.motionSensor.motion,on
1626295536.03874,hue.motionSensor.motion,off
1626295546.037814,hue.motionSensor.motion,on
1626295566.037978,hue.motionSensor.motion,off
1626295571.06362,hue.motionSensor.motion,on
1626295786.03825,hue.motionSensor.motion,off
1626296121.037768,hue.motionSensor.motion,on
1626296131.038664,hue.motionSensor.motion,off
1626296196.038364,hue.motionSensor.motion,on
1626296206.023723,hue.motionSensor.motion,off
1626296261.037535,hue.motionSensor.motion,on
1626296271.038322,hue.motionSensor.motion,off
1626296281.03926,hue.motionSensor.motion,on
1626296296.037231,hue.motionSensor.motion,off
1626296361.037504,hue.motionSensor.motion,on
1626296371.037348,hue.motionSensor.motion,off
1626296401.038486,hue.motionSensor.motion,on
1626296416.037853,hue.motionSensor.motion,off
1626296586.038707,hue.motionSensor.motion,on
1626296596.038724,hue.motionSensor.motion,off
1626296671.037865,hue.motionSensor.motion,on
1626296986.023056,hue.motionSensor.motion,off
1626298921.037893,hue.motionSensor.motion,on
1626298931.037924,hue.motionSensor.motion,off
1626298996.038531,hue.motionSensor.motion,on
1626299011.02273,hue.motionSensor.motion,off
1626301361.037582,hue.motionSensor.motion,on
1626301371.038039,hue.motionSensor.motion,off
1626301581.0391,hue.motionSensor.motion,on
1626301591.038364,hue.motionSensor.motion,off
1626301596.037196,hue.motionSensor.motion,on
1626301606.038019,hue.motionSensor.motion,off
1626301611.038274,hue.motionSensor.motion,on
1626301636.037667,hue.motionSensor.motion,off
1626301641.02293,hue.motionSensor.motion,on
1626301656.036432,hue.motionSensor.motion,off
1626302256.037237,hue.motionSensor.motion,on
1626302271.020677,hue.motionSensor.motion,off
1626224400.0,ipCamera.motionActive,unavailable
1626224400.0,phone.wifiConnection,on
1626224400.0,phone.locked,on
1626237125.295143,phone.locked,off
1626237127.857256,phone.locked,on
1626241852.036266,phone.locked,off
1626241858.36583,phone.locked,on
1626245947.996614,phone.locked,off
1626260124.839569,phone.locked,on
1626285855.097922,phone.locked,off
1626300579.568249,phone.locked,on
1626302349.759806,phone.locked,off
1626224400.0,door,off
1626239601.69714,door,on
1626239610.790622,door,off
1626248726.662876,door,on
1626248735.41273,door,off
1626261093.36708,door,on
1626261098.523347,door,off
1626261681.227202,door,on
1626261688.318267,door,off
1626263451.224182,door,on
1626263455.759339,door,off
1626263469.327611,door,on
1626263486.722603,door,off
1626265680.723226,door,on
1626265784.222238,door,off
1626269034.337147,door,on
1626269040.065962,door,off
1626285944.769005,door,on
1626286095.042676,door,off
1626224400.0,climate.controllAccessPoint,auto
1625046143.687241,climate.controllAccessPoint,auto
1625046143.687241,climate.controllAccessPoint,auto
1625046143.687241,climate.controllAccessPoint,auto
1625046143.687241,climate.controllAccessPoint,auto
1625046143.687241,climate.controllAccessPoint,auto
1625046143.687241,climate.controllAccessPoint,auto
1625046143.687241,climate.controllAccessPoint,auto
1625046143.687241,climate.controllAccessPoint,auto
1625046143.687241,climate.controllAccessPoint,auto
1625046143.687241,climate.controllAccessPoint,auto
1625046143.687241,climate.controllAccessPoint,auto
1625046143.687241,climate.controllAccessPoint,auto
1625046143.687241,climate.controllAccessPoint,auto
1625046143.687241,climate.controllAccessPoint,auto
1625046143.687241,climate.controllAccessPoint,auto
1625046143.687241,climate.controllAccessPoint,auto
1625046143.687241,climate.controllAccessPoint,auto
1625046143.687241,climate.controllAccessPoint,auto
1625046143.687241,climate.controllAccessPoint,auto
1625046143.687241,climate.controllAccessPoint,auto
1625046143.687241,climate.controllAccessPoint,auto
1626224400.0,phone.atHome,home
1626224436.142323,phone.atHome,home
1626225391.81259,phone.atHome,home
1626226317.767692,phone.atHome,home
1626227323.270386,phone.atHome,home
1626228342.979855,phone.atHome,home
1626229055.453915,phone.atHome,home
1626230061.026902,phone.atHome,home
1626231017.984369,phone.atHome,home
1626231963.872939,phone.atHome,home
1626232990.831856,phone.atHome,home
1626234007.766415,phone.atHome,home
1626234970.387479,phone.atHome,home
1626235942.344394,phone.atHome,home
1626236959.914502,phone.atHome,home
1626237901.181856,phone.atHome,home
1626238929.306636,phone.atHome,home
1626239999.83138,phone.atHome,home
1626240918.027475,phone.atHome,home
1626241819.614897,phone.atHome,home
1626242763.784158,phone.atHome,home
1626243719.67868,phone.atHome,home
1626244796.020894,phone.atHome,home
1626245750.443832,phone.atHome,home
1626245796.351533,phone.atHome,home
1626245830.324778,phone.atHome,home
1626246034.4052,phone.atHome,home
1626246214.158153,phone.atHome,home
1626246392.870929,phone.atHome,home
1626246574.502442,phone.atHome,home
1626246755.608053,phone.atHome,home
1626246935.305879,phone.atHome,home
1626247114.879206,phone.atHome,home
1626247204.883028,phone.atHome,home
1626247298.2218,phone.atHome,home
1626247513.710963,phone.atHome,home
1626248435.863451,phone.atHome,home
1626248817.681047,phone.atHome,home
1626248857.471909,phone.atHome,home
1626248897.518496,phone.atHome,home
1626248937.413389,phone.atHome,home
1626248967.538488,phone.atHome,home
1626248997.990747,phone.atHome,home
1626249037.678349,phone.atHome,home
1626249067.536865,phone.atHome,home
1626249102.90302,phone.atHome,home
1626250087.194896,phone.atHome,home
1626250662.638737,phone.atHome,home
1626250679.344978,phone.atHome,home
1626250719.171867,phone.atHome,home
1626250894.973211,phone.atHome,home
1626251011.766616,phone.atHome,home
1626251059.012646,phone.atHome,home
1626251073.18682,phone.atHome,home
1626252381.891749,phone.atHome,home
1626253240.59917,phone.atHome,home
1626253454.883314,phone.atHome,home
1626254460.809287,phone.atHome,home
1626255594.549955,phone.atHome,home
1626256628.618052,phone.atHome,home
1626257592.998368,phone.atHome,home
1626258619.158488,phone.atHome,home
1626265465.769924,phone.atHome,home
1626265498.632978,phone.atHome,home
1626265523.306624,phone.atHome,home
1626265564.215208,phone.atHome,home
1626265594.730894,phone.atHome,home
1626265623.617719,phone.atHome,home
1626265657.22377,phone.atHome,home
1626265705.272059,phone.atHome,home
1626265734.683563,phone.atHome,home
1626265770.491775,phone.atHome,home
1626266049.488657,phone.atHome,home
1626285875.039038,phone.atHome,home
1626286064.359316,phone.atHome,home
1626287128.255788,phone.atHome,home
1626288294.023634,phone.atHome,home
1626291474.532162,phone.atHome,home
1626291609.544495,phone.atHome,home
1626292684.581795,phone.atHome,home
1626293713.942313,phone.atHome,home
1626294493.671503,phone.atHome,home
1626294716.716798,phone.atHome,home
1626294733.252532,phone.atHome,home
1626294773.521224,phone.atHome,home
1626295574.186375,phone.atHome,home
1626295716.580293,phone.atHome,home
1626296782.74196,phone.atHome,home
1626297859.143077,phone.atHome,home
1626298867.064872,phone.atHome,home
1626300035.034536,phone.atHome,home
1626302270.729934,phone.atHome,home
1626302310.864128,phone.atHome,home
1626302357.811484,phone.atHome,home
1626302484.357526,phone.atHome,home
1626302520.524278,phone.atHome,home
1626302560.310859,phone.atHome,home
1626302600.310889,phone.atHome,home
1626302693.79406,phone.atHome,home
1626302874.227184,phone.atHome,home
1626303053.987409,phone.atHome,home
1626303144.410155,phone.atHome,home
1626303236.706004,phone.atHome,home
1626303414.345177,phone.atHome,home
1626303504.344982,phone.atHome,home
1626303566.294007,phone.atHome,home
1626303681.334085,phone.atHome,home
1626303871.667833,phone.atHome,home
1626303955.512635,phone.atHome,home
1626304045.0316,phone.atHome,home
1626305267.078679,phone.atHome,home
1626306245.692356,phone.atHome,home
1626307200.590864,phone.atHome,home
1626224400.0,ceilingLamp,off
1626248876.034934,ceilingLamp,unavailable
1626248881.019081,ceilingLamp,off
1626253911.016636,ceilingLamp,unavailable
1626253921.017567,ceilingLamp,off
1626254631.015917,ceilingLamp,unavailable
1626254646.016471,ceilingLamp,off
1626254901.034969,ceilingLamp,unavailable
1626254906.016002,ceilingLamp,off
1626254961.035233,ceilingLamp,unavailable
1626254971.018633,ceilingLamp,off
1626260956.017389,ceilingLamp,unavailable
1626260961.036125,ceilingLamp,off
1626261391.034382,ceilingLamp,unavailable
1626261401.020231,ceilingLamp,off
1626261486.016422,ceilingLamp,unavailable
1626261491.034278,ceilingLamp,off
1626261701.01859,ceilingLamp,unavailable
1626261706.034377,ceilingLamp,off
1626262096.034571,ceilingLamp,unavailable
1626262101.017088,ceilingLamp,off
1626265341.03479,ceilingLamp,unavailable
1626265346.033992,ceilingLamp,off
1626265376.020636,ceilingLamp,unavailable
1626265391.015633,ceilingLamp,off
1626265421.015502,ceilingLamp,unavailable
1626265436.016955,ceilingLamp,off
1626268531.034893,ceilingLamp,unavailable
1626268541.019172,ceilingLamp,off
1626271401.016286,ceilingLamp,unavailable
1626271406.016978,ceilingLamp,off
1626291146.456558,ceilingLamp,on
1626293016.436339,ceilingLamp,off
1626295581.016631,ceilingLamp,unavailable
1626295596.017992,ceilingLamp,off
1626296196.473972,ceilingLamp,on
1626296681.015761,ceilingLamp,unavailable
1626296696.016569,ceilingLamp,on
1626297286.425534,ceilingLamp,off
1626298921.467016,ceilingLamp,on
1626299311.423385,ceilingLamp,off
1626304396.015049,ceilingLamp,unavailable
1626304401.016684,ceilingLamp,off
1626224400.0,deskLamp,off
1626253931.034763,deskLamp,unavailable
1626253941.016391,deskLamp,off
1626254181.015815,deskLamp,unavailable
1626254186.015677,deskLamp,off
1626254781.033757,deskLamp,unavailable
1626254786.034436,deskLamp,off
1626254901.035322,deskLamp,unavailable
1626254926.016932,deskLamp,off
1626263296.017551,deskLamp,unavailable
1626263301.033851,deskLamp,off
1626264431.018678,deskLamp,unavailable
1626264436.034151,deskLamp,off
1626270056.047099,deskLamp,unavailable
1626270061.035575,deskLamp,off
1626277576.015899,deskLamp,unavailable
1626277596.016147,deskLamp,off
1626277606.034784,deskLamp,unavailable
1626277611.017357,deskLamp,off
1626277676.01687,deskLamp,unavailable
1626277681.033616,deskLamp,off
1626277696.018339,deskLamp,unavailable
1626277746.016876,deskLamp,off
1626277896.04162,deskLamp,unavailable
1626277906.034597,deskLamp,off
1626291146.140549,deskLamp,on
1626293016.118104,deskLamp,off
1626296196.146315,deskLamp,on
1626297286.110027,deskLamp,off
1626298921.149198,deskLamp,on
1626299311.107545,deskLamp,off
1626224400.0,person.home,home
1626224400.0,humidity,66.00
1626224937.449181,humidity,66.10
1626225000.808298,humidity,66.00
1626225126.908756,humidity,66.10
1626225570.691438,humidity,66.00
1626225634.02276,humidity,66.10
1626227659.289746,humidity,66.20
1626228039.977461,humidity,66.10
1626228229.24433,humidity,66.20
1626228292.396245,humidity,66.10
1626228356.592072,humidity,66.20
1626228482.90445,humidity,66.10
1626228545.833218,humidity,66.20
1626228608.965747,humidity,66.10
1626228736.065283,humidity,66.20
1626228799.396455,humidity,66.10
1626228989.635661,humidity,66.20
1626229052.586803,humidity,66.10
1626229306.149814,humidity,66.20
1626229369.106679,humidity,66.10
1626229432.459406,humidity,66.20
1626229495.402471,humidity,66.10
1626229558.543919,humidity,66.20
1626229622.668519,humidity,66.10
1626230191.560559,humidity,66.20
1626230255.706145,humidity,66.10
1626230318.653191,humidity,66.20
1626230381.979038,humidity,66.10
1626230444.935255,humidity,66.20
1626230572.229218,humidity,66.10
1626230635.177925,humidity,66.20
1626230824.594587,humidity,66.10
1626231838.507106,humidity,66.00
1626231901.491581,humidity,66.10
1626234306.653831,humidity,66.00
1626234433.795882,humidity,66.10
1626234813.632303,humidity,66.00
1626234876.57241,humidity,66.10
1626235003.903776,humidity,66.00
1626236142.720678,humidity,66.10
1626236205.863045,humidity,66.00
1626238169.384415,humidity,65.90
1626238232.343042,humidity,66.00
1626238295.67429,humidity,66.20
1626238612.239684,humidity,66.30
1626238738.321904,humidity,66.20
1626238802.426866,humidity,66.30
1626238865.393158,humidity,66.40
1626238928.742277,humidity,66.30
1626238991.702672,humidity,66.20
1626239054.849141,humidity,66.30
1626239182.00649,humidity,66.40
1626239498.635731,humidity,66.50
1626239561.966225,humidity,66.80
1626239624.948421,humidity,66.70
1626239688.110767,humidity,66.50
1626239752.293805,humidity,66.60
1626239815.253967,humidity,66.50
1626239878.605086,humidity,66.60
1626240004.689465,humidity,66.50
1626240258.316578,humidity,66.40
1626240448.397659,humidity,66.30
1626240511.546206,humidity,66.40
1626240574.930505,humidity,66.30
1626240764.996849,humidity,66.20
1626240828.129983,humidity,66.30
1626241081.562258,humidity,66.20
1626241461.220064,humidity,66.10
1626242031.227776,humidity,66.00
1626242157.696442,humidity,66.10
1626242284.854358,humidity,66.00
1626242410.970442,humidity,66.10
1626242474.312834,humidity,66.50
1626242537.243291,humidity,66.30
1626242601.376194,humidity,66.40
1626242664.287818,humidity,66.30
1626242727.446403,humidity,66.20
1626242790.792538,humidity,66.30
1626243107.353147,humidity,66.40
1626243234.413701,humidity,66.30
1626243297.370047,humidity,66.40
1626243360.519079,humidity,66.30
1626243423.869927,humidity,66.40
1626243613.886992,humidity,66.50
1626243677.016504,humidity,66.40
1626243740.390199,humidity,66.50
1626243867.553925,humidity,66.40
1626243993.65031,humidity,66.50
1626244373.504005,humidity,66.60
1626244752.985584,humidity,66.70
1626244817.109663,humidity,66.60
1626244880.063268,humidity,66.70
1626244943.189584,humidity,66.60
1626245069.476238,humidity,66.70
1626245450.139606,humidity,66.80
1626245576.254612,humidity,66.70
1626245702.545384,humidity,66.60
1626245766.754655,humidity,66.80
1626245829.715566,humidity,66.70
1626246399.897811,humidity,66.60
1626246716.527676,humidity,66.50
1626246779.480836,humidity,66.70
1626246842.638867,humidity,66.50
1626246968.863083,humidity,66.60
1626247033.043735,humidity,66.50
1626247412.620672,humidity,66.40
1626247475.760178,humidity,66.50
1626247539.087783,humidity,66.40
1626247666.184668,humidity,66.50
1626247982.804627,humidity,66.40
1626248045.776212,humidity,66.50
1626248172.250267,humidity,66.40
1626248235.173062,humidity,66.50
1626248678.797787,humidity,66.40
1626248741.960567,humidity,66.70
1626248805.273477,humidity,66.80
1626248932.362934,humidity,66.70
1626248995.31113,humidity,66.50
1626249058.419263,humidity,66.40
1626249184.701276,humidity,66.10
1626249248.876126,humidity,66.00
1626249311.834255,humidity,65.90
1626249374.969471,humidity,65.80
1626249438.317429,humidity,65.60
1626249501.242883,humidity,65.40
1626249882.357582,humidity,65.00
1626249945.338445,humidity,64.90
1626250008.513786,humidity,64.80
1626250072.009723,humidity,65.00
1626250134.968108,humidity,65.10
1626250199.285726,humidity,65.40
1626250262.34968,humidity,65.60
1626250389.082817,humidity,65.40
1626250516.517066,humidity,65.10
1626250768.950964,humidity,65.00
1626250896.066659,humidity,64.90
1626250959.215656,humidity,65.40
1626251085.525044,humidity,65.20
1626251149.728908,humidity,65.00
1626251212.698058,humidity,64.90
1626251275.832158,humidity,64.80
1626251469.428729,humidity,65.20
1626251532.369857,humidity,65.30
1626251595.540871,humidity,65.40
1626251658.873129,humidity,64.90
1626251785.943028,humidity,64.80
1626251912.039079,humidity,64.70
1626251975.370895,humidity,64.60
1626252038.317776,humidity,64.50
1626252102.361465,humidity,64.60
1626252165.338693,humidity,64.50
1626252228.469344,humidity,64.60
1626252291.793845,humidity,64.50
1626252418.879351,humidity,64.30
1626252544.996023,humidity,64.20
1626252671.295226,humidity,64.10
1626252735.405913,humidity,64.20
1626252798.365783,humidity,64.10
1626252861.521606,humidity,64.00
1626252924.854668,humidity,64.10
1626252987.827058,humidity,64.00
1626253052.019918,humidity,64.20
1626253114.977153,humidity,64.10
1626253178.116163,humidity,64.00
1626253241.456522,humidity,64.10
1626253304.387603,humidity,64.00
1626253368.535314,humidity,63.90
1626253494.628011,humidity,63.70
1626253557.976225,humidity,63.60
1626253620.899121,humidity,63.90
1626253685.058453,humidity,63.50
1626253748.027302,humidity,63.40
1626253811.15338,humidity,63.20
1626253874.481387,humidity,63.00
1626253937.430101,humidity,62.90
1626254001.572764,humidity,62.70
1626254064.550707,humidity,62.90
1626254191.031702,humidity,62.80
1626254253.97532,humidity,62.60
1626254444.301161,humidity,62.40
1626254507.673822,humidity,62.30
1626254634.817339,humidity,62.00
1626254697.765623,humidity,62.10
1626254760.913278,humidity,62.00
1626254951.452318,humidity,61.90
1626255014.418937,humidity,61.80
1626255077.569691,humidity,61.70
1626255203.863545,humidity,61.50
1626255268.06312,humidity,61.70
1626255331.029331,humidity,61.60
1626255457.516798,humidity,61.40
1626255520.468662,humidity,61.30
1626255584.582279,humidity,61.40
1626255710.640534,humidity,61.30
1626255901.101132,humidity,61.10
1626255964.067024,humidity,61.20
1626256027.157414,humidity,61.10
1626256090.506051,humidity,61.20
1626256153.476702,humidity,61.10
1626256343.683581,humidity,61.00
1626256407.034078,humidity,61.10
1626256597.099221,humidity,61.00
1626256786.53241,humidity,60.90
1626257167.291531,humidity,60.80
1626257230.258745,humidity,60.90
1626257356.647744,humidity,60.80
1626257610.03961,humidity,60.70
1626257736.608757,humidity,60.60
1626257800.622056,humidity,60.70
1626257926.741739,humidity,60.60
1626258053.245134,humidity,60.50
1626258180.220814,humidity,60.60
1626258310.283647,humidity,60.50
1626258626.85063,humidity,60.40
1626258817.147524,humidity,60.30
1626258943.428874,humidity,60.40
1626259196.783179,humidity,60.30
1626259259.928622,humidity,60.20
1626259323.25762,humidity,60.10
1626259513.321757,humidity,60.20
1626259576.445402,humidity,60.60
1626259703.833747,humidity,60.30
1626259956.357347,humidity,60.40
1626260020.351914,humidity,60.30
1626260083.313701,humidity,60.10
1626260146.438345,humidity,60.20
1626260272.898437,humidity,60.30
1626260589.438242,humidity,60.20
1626260716.568611,humidity,60.10
1626260842.848063,humidity,60.20
1626260970.215047,humidity,60.10
1626261033.148861,humidity,60.40
1626261096.270588,humidity,60.70
1626261159.4061,humidity,60.90
1626261222.746467,humidity,61.30
1626261349.707166,humidity,61.50
1626261475.988392,humidity,61.40
1626261666.326937,humidity,61.30
1626261792.655544,humidity,61.60
1626261919.978756,humidity,61.50
1626261982.911623,humidity,61.60
1626262109.19738,humidity,61.70
1626262172.548062,humidity,61.90
1626262236.493763,humidity,62.10
1626262299.465658,humidity,61.90
1626262425.746957,humidity,62.30
1626262489.082422,humidity,62.00
1626262553.118541,humidity,61.60
1626262805.704768,humidity,61.70
1626262869.736644,humidity,62.40
1626262932.694252,humidity,62.20
1626262995.834128,humidity,62.10
1626263058.998293,humidity,62.30
1626263122.361263,humidity,62.40
1626263312.457106,humidity,62.50
1626263375.593815,humidity,62.60
1626263438.950472,humidity,62.50
1626263565.813603,humidity,62.70
1626263628.936925,humidity,62.60
1626263692.085692,humidity,62.40
1626263755.432804,humidity,62.30
1626263819.397631,humidity,62.50
1626263882.352067,humidity,62.30
1626263945.485547,humidity,62.20
1626264008.625419,humidity,62.10
1626264071.939772,humidity,62.20
1626264135.912476,humidity,62.10
1626264198.872107,humidity,62.20
1626264262.012328,humidity,62.10
1626264388.485783,humidity,62.20
1626264515.375778,humidity,62.30
1626264578.49774,humidity,62.40
1626264641.654107,humidity,62.30
1626264705.011927,humidity,62.20
1626264768.95437,humidity,62.30
1626264831.898661,humidity,62.10
1626264895.035217,humidity,62.40
1626264958.191434,humidity,62.30
1626265085.469837,humidity,62.40
1626265148.40056,humidity,62.50
1626265211.547817,humidity,62.40
1626265274.69742,humidity,62.60
1626265402.091391,humidity,62.40
1626265465.045005,humidity,62.30
1626265528.178013,humidity,62.20
1626265654.656916,humidity,62.40
1626265718.616717,humidity,62.50
1626265844.709041,humidity,62.70
1626266036.249587,humidity,62.60
1626266162.406431,humidity,62.50
1626266352.872677,humidity,62.40
1626266478.987808,humidity,62.50
1626266542.138241,humidity,62.40
1626266605.468877,humidity,62.50
1626266669.494448,humidity,62.40
1626266858.771469,humidity,62.30
1626266922.137523,humidity,62.50
1626266986.122876,humidity,62.70
1626267112.243469,humidity,62.60
1626267175.401024,humidity,62.50
1626267428.881036,humidity,62.60
1626267492.044197,humidity,62.50
1626267555.361198,humidity,62.60
1626267682.322351,humidity,62.70
1626267935.976478,humidity,62.80
1626267998.905377,humidity,62.70
1626268188.53383,humidity,62.80
1626268378.696714,humidity,62.70
1626268569.121924,humidity,62.80
1626268695.281824,humidity,62.70
1626268758.41206,humidity,62.80
1626268821.730993,humidity,62.90
1626268948.619067,humidity,62.80
1626269142.063472,humidity,62.70
1626269206.057578,humidity,62.90
1626269332.142898,humidity,63.00
1626269395.273108,humidity,62.80
1626269458.61908,humidity,62.70
1626269522.568983,humidity,62.60
1626269585.503418,humidity,62.70
1626269648.638136,humidity,62.60
1626269775.113166,humidity,62.70
1626269839.105349,humidity,62.60
1626270028.417064,humidity,62.70
1626270155.896471,humidity,62.60
1626270239.018109,humidity,62.70
1626270682.239004,humidity,62.60
1626270936.238106,humidity,62.70
1626271062.595583,humidity,62.80
1626271379.182767,humidity,62.70
1626271443.198275,humidity,62.80
1626271823.243202,humidity,62.90
1626272202.659484,humidity,63.00
1626272591.157405,humidity,63.10
1626272844.80822,humidity,63.00
1626272907.605953,humidity,63.10
1626273034.702432,humidity,63.20
1626273161.382397,humidity,63.10
1626273287.297623,humidity,63.20
1626273477.90551,humidity,63.30
1626273667.839179,humidity,63.20
1626273730.982615,humidity,63.30
1626274111.044927,humidity,63.20
1626274236.930934,humidity,63.30
1626274553.47916,humidity,63.40
1626275250.944724,humidity,63.50
1626276395.603624,humidity,63.60
1626276585.48385,humidity,63.40
1626276648.629292,humidity,63.70
1626276712.156481,humidity,63.60
1626276838.967168,humidity,63.50
1626277028.780437,humidity,63.60
1626277788.832869,humidity,63.50
1626277852.009382,humidity,63.60
1626278738.49029,humidity,63.80
1626278801.638256,humidity,63.70
1626278864.792201,humidity,63.80
1626279181.289925,humidity,63.70
1626279244.414814,humidity,63.80
1626279307.936339,humidity,63.70
1626279371.526805,humidity,63.80
1626279434.681106,humidity,63.70
1626279497.806683,humidity,63.80
1626279688.04285,humidity,63.90
1626279751.154966,humidity,63.80
1626279877.419193,humidity,63.90
1626279940.942841,humidity,63.80
1626280004.45901,humidity,63.90
1626280130.725533,humidity,64.00
1626280763.790693,humidity,63.90
1626280826.957945,humidity,64.00
1626280890.438187,humidity,63.90
1626280954.018423,humidity,64.00
1626281017.167282,humidity,63.90
1626281713.548537,humidity,64.00
1626282346.673291,humidity,64.10
1626282663.244798,humidity,64.20
1626282726.414469,humidity,64.10
1626283042.961952,humidity,64.00
1626283296.333064,humidity,64.10
1626283359.491087,humidity,64.00
1626283422.9816,humidity,64.10
1626283612.892818,humidity,64.00
1626283929.486279,humidity,64.10
1626283992.624819,humidity,64.00
1626284372.715839,humidity,63.90
1626284436.335176,humidity,64.00
1626284689.285632,humidity,64.20
1626284752.853197,humidity,64.10
1626284815.988546,humidity,64.00
1626284942.304159,humidity,64.10
1626285006.890394,humidity,64.20
1626285133.639613,humidity,64.10
1626285323.467127,humidity,64.00
1626285387.018145,humidity,63.60
1626285450.165923,humidity,63.50
1626285513.296661,humidity,63.60
1626285576.459919,humidity,63.70
1626285703.540241,humidity,63.60
1626285766.702867,humidity,63.70
1626285956.555143,humidity,63.80
1626286020.173133,humidity,63.90
1626286083.316358,humidity,63.80
1626286146.455533,humidity,63.60
1626286209.587321,humidity,63.40
1626286336.872206,humidity,63.10
1626286399.85715,humidity,63.00
1626286526.105031,humidity,63.10
1626286589.428523,humidity,63.30
1626286653.495893,humidity,63.40
1626286716.45413,humidity,63.90
1626286779.606201,humidity,64.00
1626286906.087286,humidity,64.10
1626286973.802656,humidity,64.00
1626287036.78262,humidity,64.10
1626287103.875883,humidity,64.00
1626287167.030603,humidity,63.90
1626287230.356925,humidity,64.00
1626287294.419375,humidity,63.90
1626287673.904399,humidity,64.00
1626287800.193989,humidity,64.10
1626287863.52444,humidity,64.20
1626287927.455109,humidity,64.40
1626287990.390339,humidity,64.80
1626288053.521241,humidity,64.60
1626288116.665019,humidity,65.10
1626288370.056183,humidity,65.30
1626288433.217483,humidity,65.50
1626288623.467666,humidity,66.30
1626288686.621591,humidity,66.40
1626288749.773647,humidity,66.50
1626288813.104475,humidity,66.30
1626288877.113244,humidity,66.60
1626288940.081982,humidity,66.30
1626289003.218499,humidity,66.20
1626289066.374595,humidity,66.60
1626289193.73336,humidity,66.40
1626289319.831922,humidity,67.20
1626289382.961985,humidity,67.00
1626289446.290894,humidity,66.90
1626289510.251796,humidity,67.60
1626289573.198546,humidity,67.50
1626289636.343427,humidity,67.00
1626289699.486776,humidity,67.10
1626289762.825697,humidity,66.80
1626289826.772301,humidity,66.50
1626289889.717594,humidity,66.20
1626289952.861901,humidity,66.10
1626290016.011617,humidity,66.00
1626290079.354438,humidity,66.10
1626290143.28931,humidity,66.00
1626290269.382579,humidity,66.10
1626290395.840852,humidity,66.40
1626290459.815223,humidity,66.00
1626290585.902499,humidity,66.50
1626290649.027503,humidity,66.30
1626290776.33242,humidity,66.60
1626290839.290535,humidity,66.50
1626290902.42082,humidity,66.60
1626290965.575781,humidity,66.70
1626291028.92051,humidity,66.40
1626291092.84473,humidity,66.20
1626291155.800831,humidity,66.60
1626291282.099673,humidity,66.20
1626291345.431061,humidity,66.00
1626291409.462122,humidity,66.50
1626291472.437097,humidity,66.30
1626291535.584763,humidity,66.40
1626291598.719886,humidity,66.90
1626291725.985652,humidity,67.30
1626291788.92446,humidity,67.10
1626291852.06076,humidity,67.30
1626291915.228104,humidity,67.00
1626291978.549198,humidity,67.40
1626292105.461211,humidity,67.50
1626292168.609341,humidity,67.30
1626292295.114992,humidity,67.40
1626292485.269072,humidity,67.30
1626292611.743162,humidity,67.10
1626292738.723518,humidity,67.30
1626292801.876206,humidity,67.10
1626292865.036602,humidity,67.00
1626292992.367409,humidity,66.80
1626293055.320758,humidity,66.70
1626293118.454679,humidity,66.80
1626293308.98961,humidity,66.70
1626293435.112243,humidity,66.80
1626293498.256505,humidity,66.70
1626293561.574959,humidity,66.80
1626293688.471195,humidity,66.90
1626293751.609597,humidity,66.80
1626293878.103677,humidity,66.70
1626294005.014191,humidity,66.80
1626294068.133026,humidity,67.30
1626294258.951605,humidity,67.40
1626294385.048586,humidity,67.50
1626294511.496631,humidity,67.40
1626294638.419763,humidity,67.60
1626294701.55968,humidity,67.70
1626294764.711214,humidity,67.60
1626294828.034722,humidity,67.40
1626294892.097294,humidity,67.50
1626294955.050861,humidity,67.30
1626295018.193389,humidity,68.00
1626295144.6751,humidity,67.90
1626295208.617526,humidity,67.60
1626295271.556864,humidity,67.90
1626295461.179842,humidity,67.70
1626295588.089203,humidity,67.50
1626295651.242619,humidity,67.90
1626295714.406411,humidity,67.60
1626295777.794545,humidity,68.00
1626295841.761916,humidity,68.30
1626295967.839766,humidity,68.10
1626296030.994425,humidity,68.30
1626296094.324621,humidity,68.40
1626296284.460539,humidity,68.30
1626296410.935729,humidity,68.00
1626296474.893888,humidity,68.20
1626296537.86627,humidity,68.00
1626296600.979415,humidity,68.20
1626296664.12983,humidity,68.10
1626296727.456437,humidity,68.20
1626296791.412904,humidity,68.10
1626297043.973672,humidity,67.90
1626297107.93386,humidity,68.00
1626297170.888775,humidity,67.90
1626297234.007284,humidity,68.00
1626297360.474152,humidity,67.90
1626297424.454511,humidity,67.80
1626297743.835236,humidity,67.70
1626297869.910414,humidity,67.80
1626297933.052111,humidity,67.70
1626297996.380377,humidity,67.80
1626298186.461994,humidity,67.70
1626298439.828951,humidity,67.60
1626298502.98062,humidity,67.50
1626298693.389577,humidity,67.60
1626298882.661748,humidity,67.50
1626299136.14421,humidity,67.40
1626299389.598558,humidity,67.50
1626299515.888721,humidity,67.40
1626299832.347359,humidity,67.30
1626299959.580326,humidity,67.40
1626300022.525521,humidity,67.30
1626300402.274818,humidity,67.20
1626300465.4098,humidity,67.30
1626300592.711663,humidity,67.20
1626300655.667398,humidity,67.30
1626300718.77741,humidity,67.20
1626300781.941309,humidity,67.30
1626300845.273339,humidity,67.20
1626300909.225322,humidity,67.30
1626300972.181436,humidity,67.20
1626301035.326074,humidity,67.30
1626301161.783142,humidity,67.20
1626301225.741032,humidity,67.30
1626301414.975582,humidity,67.20
1626301478.292881,humidity,67.30
1626301542.262125,humidity,67.20
1626301605.222733,humidity,67.30
1626301731.49285,humidity,67.20
1626301858.785828,humidity,67.10
1626301984.888977,humidity,67.20
1626302048.05242,humidity,67.10
1626302111.398776,humidity,67.20
1626302427.945432,humidity,67.30
1626302554.864473,humidity,67.20
1626302871.401467,humidity,67.10
1626302997.68593,humidity,67.00
1626303377.515603,humidity,66.90
1626303630.706841,humidity,66.80
1626303694.031588,humidity,66.90
1626303757.993077,humidity,66.80
1626303884.103082,humidity,66.70
1626304137.479039,humidity,66.60
1626304770.511676,humidity,66.50
1626305593.261649,humidity,66.40
1626306036.880529,humidity,66.30
1626306099.815357,humidity,66.40
1626306542.825136,humidity,66.30
1626306732.86808,humidity,66.20
1626306796.022034,humidity,66.30
1626306986.426451,humidity,66.20
1626307049.388007,humidity,66.30
1626307112.542096,humidity,66.20
1626307302.972728,humidity,66.30
1626307365.935469,humidity,66.20
1626307429.084875,humidity,66.30
1626307492.423855,humidity,66.20
1626307872.753191,humidity,66.30
1626307936.084513,humidity,66.20
1626308062.201004,humidity,66.10
1626308378.647583,humidity,66.20
1626308441.800405,humidity,66.10
1626309203.373246,humidity,66.00
1626310786.07242,humidity,65.90
1626224400.0,temperature,23.00
1626230255.702048,temperature,22.90
1626230318.647366,temperature,23.00
1626230381.781417,temperature,22.90
1626230444.930551,temperature,23.00
1626230572.225692,temperature,22.90
1626230635.173018,temperature,23.00
1626230824.589688,temperature,22.90
1626230888.745673,temperature,23.00
1626231205.366754,temperature,22.90
1626231268.301457,temperature,23.00
1626231647.990485,temperature,22.90
1626231774.258115,temperature,23.00
1626231838.503384,temperature,22.90
1626232027.777247,temperature,23.00
1626232090.921413,temperature,22.90
1626232281.237586,temperature,23.00
1626232344.370577,temperature,22.90
1626238358.597132,temperature,22.80
1626238421.737006,temperature,22.90
1626238485.908536,temperature,22.80
1626238738.310426,temperature,22.90
1626238865.388227,temperature,22.80
1626238928.541466,temperature,22.90
1626239941.525944,temperature,23.00
1626242347.83426,temperature,22.90
1626242410.965718,temperature,23.00
1626242474.11069,temperature,22.90
1626242601.372809,temperature,23.00
1626242727.441121,temperature,22.90
1626242790.592184,temperature,23.00
1626246779.475977,temperature,23.10
1626246842.633139,temperature,23.00
1626246968.856285,temperature,23.10
1626247033.043373,temperature,23.00
1626248045.767077,temperature,23.10
1626248108.915924,temperature,23.00
1626250071.806746,temperature,23.10
1626250325.634044,temperature,23.00
1626250388.885455,temperature,23.10
1626251405.260266,temperature,23.00
1626251469.424702,temperature,23.10
1626251658.674013,temperature,23.00
1626251721.818643,temperature,23.10
1626252165.327087,temperature,23.00
1626252228.462888,temperature,23.10
1626252418.878903,temperature,23.00
1626252735.402174,temperature,23.10
1626252861.512887,temperature,23.00
1626252924.658366,temperature,23.10
1626252987.821517,temperature,23.00
1626253052.016333,temperature,23.10
1626254001.572354,temperature,23.00
1626254064.542291,temperature,23.10
1626255203.854319,temperature,23.00
1626255268.058943,temperature,23.10
1626255331.020769,temperature,23.00
1626255394.163302,temperature,23.10
1626255457.320661,temperature,23.00
1626257483.904582,temperature,22.90
1626257546.869603,temperature,23.00
1626258180.20556,temperature,22.90
1626258243.345774,temperature,23.00
1626258310.275835,temperature,22.90
1626258626.845985,temperature,23.00
1626258689.994576,temperature,22.90
1626258754.173471,temperature,23.00
1626258817.140703,temperature,22.90
1626261033.142454,temperature,22.80
1626261475.979591,temperature,22.90
1626261539.133931,temperature,22.80
1626261792.647488,temperature,22.90
1626261919.978427,temperature,22.80
1626261982.906484,temperature,22.90
1626262553.11821,temperature,23.00
1626262616.069281,temperature,22.90
1626262679.207632,temperature,23.00
1626264071.739463,temperature,23.10
1626264768.950508,temperature,23.20
1626264831.892567,temperature,23.10
1626264895.028943,temperature,23.20
1626265465.035775,temperature,23.10
1626265528.173715,temperature,23.20
1626265844.6999,temperature,23.30
1626267302.73138,temperature,23.40
1626267365.724923,temperature,23.30
1626267428.871735,temperature,23.40
1626267492.038464,temperature,23.30
1626267555.164358,temperature,23.40
1626267619.36644,temperature,23.30
1626268315.551545,temperature,23.40
1626268378.689835,temperature,23.30
1626268441.826015,temperature,23.40
1626268569.118289,temperature,23.30
1626268632.098204,temperature,23.40
1626268695.273838,temperature,23.30
1626268758.407094,temperature,23.40
1626269268.99493,temperature,23.50
1626269585.498362,temperature,23.60
1626269839.104149,temperature,23.50
1626270028.390057,temperature,23.60
1626270155.708543,temperature,23.50
1626271379.171129,temperature,23.40
1626271443.191888,temperature,23.50
1626271506.529324,temperature,23.40
1626271569.456158,temperature,23.50
1626271695.767532,temperature,23.40
1626273667.832866,temperature,23.30
1626273730.975402,temperature,23.40
1626273857.231245,temperature,23.30
1626273920.358208,temperature,23.40
1626274173.798576,temperature,23.30
1626274364.023641,temperature,23.40
1626274427.364583,temperature,23.30
1626276458.345571,temperature,23.20
1626276522.34034,temperature,23.30
1626276965.262122,temperature,23.20
1626277028.581092,temperature,23.30
1626277788.825232,temperature,23.20
1626277851.994183,temperature,23.30
1626278674.626203,temperature,23.20
1626278738.483886,temperature,23.30
1626278801.633496,temperature,23.20
1626278864.782441,temperature,23.30
1626279181.285222,temperature,23.20
1626279244.409399,temperature,23.30
1626279307.738687,temperature,23.20
1626279371.52079,temperature,23.30
1626279434.675529,temperature,23.20
1626279624.285045,temperature,23.30
1626279751.147754,temperature,23.20
1626280193.882097,temperature,23.30
1626280257.22249,temperature,23.20
1626280573.721741,temperature,23.30
1626280763.784897,temperature,23.20
1626280826.947478,temperature,23.30
1626280890.244516,temperature,23.20
1626280954.011625,temperature,23.30
1626281017.161489,temperature,23.20
1626281080.295526,temperature,23.30
1626281143.439616,temperature,23.20
1626283929.47768,temperature,23.30
1626283992.617213,temperature,23.20
1626284499.471454,temperature,23.30
1626284562.606099,temperature,23.20
1626285006.697201,temperature,23.30
1626285196.786134,temperature,23.20
1626285450.160208,temperature,23.10
1626285703.53447,temperature,23.20
1626286716.448265,temperature,23.10
1626286779.600944,temperature,23.20
1626286973.605226,temperature,23.10
1626287036.777194,temperature,23.20
1626287927.25459,temperature,23.30
1626287990.382714,temperature,23.20
1626289193.5317,temperature,23.30
1626291218.943882,temperature,23.40
1626291535.574934,temperature,23.30
1626291598.710613,temperature,23.40
1626291915.223289,temperature,23.30
1626296410.93192,temperature,23.20
1626296474.694878,temperature,23.30
1626297743.636295,temperature,23.20
1626297869.901116,temperature,23.30
1626298249.5634,temperature,23.20
1626298312.894784,temperature,23.30
1626298439.821107,temperature,23.20
1626298756.332496,temperature,23.30
1626298882.655376,temperature,23.20
1626299452.712949,temperature,23.30
1626299515.884027,temperature,23.20
1626299642.954113,temperature,23.30
1626299706.096072,temperature,23.20
1626302997.680914,temperature,23.10
1626303061.012904,temperature,23.20
1626303377.511966,temperature,23.10
1626303567.553979,temperature,23.20
1626303630.697187,temperature,23.10
1626303694.027928,temperature,23.20
1626303757.796721,temperature,23.10
1626303820.950395,temperature,23.20
1626303884.094484,temperature,23.10
1626305593.26062,temperature,23.00
1626305657.016806,temperature,23.10
1626306036.681862,temperature,23.00
1626306099.807822,temperature,23.10
1626306732.862948,temperature,23.00
1626306796.016194,temperature,23.10
1626306986.227456,temperature,23.00
1626307049.381945,temperature,23.10
1626307112.535385,temperature,23.00
1626307302.771728,temperature,23.10
1626307365.926977,temperature,23.00
1626307429.07784,temperature,23.10
1626307556.229528,temperature,23.00
1626307745.65278,temperature,23.10
1626307809.005068,temperature,23.00
1626307872.748044,temperature,23.10
1626307935.887068,temperature,23.00
1626308378.642942,temperature,23.10
1626308441.793853,temperature,23.00
1626224400.0,thermostat.heatingTemperature,17
1626235200.221043,thermostat.heatingTemperature,19.5
1626289200.217448,thermostat.heatingTemperature,17
1626224400.0,thermostat.measuredTemperature,22.0
1626230657.935182,thermostat.measuredTemperature,21.9
1626249459.764812,thermostat.measuredTemperature,22.2
1626249641.019102,thermostat.measuredTemperature,22.3
1626249807.770176,thermostat.measuredTemperature,22.4
1626253999.350495,thermostat.measuredTemperature,22.1
1626257942.417602,thermostat.measuredTemperature,21.8
1626264268.777116,thermostat.measuredTemperature,22.0
1626264752.789636,thermostat.measuredTemperature,22.1
1626267190.085687,thermostat.measuredTemperature,22.4
1626268992.855051,thermostat.measuredTemperature,22.7
1626274740.211172,thermostat.measuredTemperature,22.4
1626281097.325434,thermostat.measuredTemperature,22.3
1626287483.690979,thermostat.measuredTemperature,22.2
1626289202.734603,thermostat.measuredTemperature,22.3
1626290343.494241,thermostat.measuredTemperature,22.7
1626291432.000676,thermostat.measuredTemperature,23.0
1626292277.764126,thermostat.measuredTemperature,22.7
1626298700.128331,thermostat.measuredTemperature,22.5
1626299477.900626,thermostat.measuredTemperature,22.4
1626305203.743175,thermostat.measuredTemperature,22.1
1626224400.0,climateControll.heating,0
1626249641.018817,climateControll.heating,ADAPTION_IN_PROGRESS
1626249807.76968,climateControll.heating,0
1626224400.0,hue.lightLevel,1.0
1626238116.038272,hue.lightLevel,3.09
1626238381.039698,hue.lightLevel,5.29
1626238681.037563,hue.lightLevel,6.83
1626239066.04169,hue.lightLevel,11.68
1626239366.039393,hue.lightLevel,16.42
1626239666.039073,hue.lightLevel,16.2
1626239966.039088,hue.lightLevel,19.84
1626240066.038388,hue.lightLevel,38.57
1626240666.03785,hue.lightLevel,33.17
1626240966.02355,hue.lightLevel,32.51
1626241266.040505,hue.lightLevel,34.28
1626241566.023715,hue.lightLevel,38.57
1626241866.021352,hue.lightLevel,33.5
1626242166.039738,hue.lightLevel,26.78
1626242461.037411,hue.lightLevel,27.66
1626242761.039517,hue.lightLevel,27.88
1626243061.036365,hue.lightLevel,26.78
1626243361.037531,hue.lightLevel,31.08
1626243661.023383,hue.lightLevel,29.21
1626243961.03799,hue.lightLevel,32.73
1626244261.037742,hue.lightLevel,36.04
1626244561.038411,hue.lightLevel,40.66
1626244856.021201,hue.lightLevel,41.77
1626245156.039228,hue.lightLevel,49.49
1626245456.037872,hue.lightLevel,48.38
1626245756.039352,hue.lightLevel,43.53
1626246056.023548,hue.lightLevel,43.09
1626246356.038741,hue.lightLevel,59.73
1626246656.022877,hue.lightLevel,64.03
1626246956.038242,hue.lightLevel,55.32
1626247251.022151,hue.lightLevel,52.67
1626247551.037104,hue.lightLevel,60.28
1626247851.023225,hue.lightLevel,43.09
1626248151.038565,hue.lightLevel,35.49
1626248451.039295,hue.lightLevel,42.77
1626248751.036839,hue.lightLevel,53.78
1626249046.025898,hue.lightLevel,62.82
1626249346.038351,hue.lightLevel,69.44
1626249646.039445,hue.lightLevel,72.63
1626249946.037693,hue.lightLevel,77.7
1626250241.060526,hue.lightLevel,91.58
1626250541.023073,hue.lightLevel,81.11
1626250841.024227,hue.lightLevel,67.11
1626251141.025161,hue.lightLevel,61.72
1626251441.023861,hue.lightLevel,54.88
1626251741.022892,hue.lightLevel,57.76
1626252041.024153,hue.lightLevel,61.94
1626252336.037721,hue.lightLevel,63.91
1626252636.038057,hue.lightLevel,72.74
1626252936.024158,hue.lightLevel,79.47
1626253236.022176,hue.lightLevel,80.67
1626253536.03781,hue.lightLevel,80.78
1626253836.037155,hue.lightLevel,76.38
1626254136.038402,hue.lightLevel,73.5
1626254436.038423,hue.lightLevel,77.91
1626254736.023262,hue.lightLevel,77.7
1626255036.03798,hue.lightLevel,68.33
1626255331.137941,hue.lightLevel,60.39
1626255631.039155,hue.lightLevel,63.81
1626255931.038963,hue.lightLevel,61.16
1626256231.023886,hue.lightLevel,62.27
1626256531.022757,hue.lightLevel,74.51
1626256831.039007,hue.lightLevel,72.51
1626257131.0389,hue.lightLevel,68.88
1626257431.036874,hue.lightLevel,60.17
1626257731.023412,hue.lightLevel,48.61
1626258031.038911,hue.lightLevel,40.11
1626258331.038913,hue.lightLevel,37.58
1626258626.038815,hue.lightLevel,43.2
1626258926.037685,hue.lightLevel,43.09
1626259226.03885,hue.lightLevel,39.67
1626259526.023356,hue.lightLevel,34.94
1626259826.038586,hue.lightLevel,32.07
1626260126.022617,hue.lightLevel,30.42
1626260426.037994,hue.lightLevel,29.65
1626260726.039409,hue.lightLevel,31.96
1626261026.037615,hue.lightLevel,32.73
1626261321.024303,hue.lightLevel,32.51
1626261621.037805,hue.lightLevel,38.13
1626261921.038483,hue.lightLevel,48.71
1626262221.037012,hue.lightLevel,50.04
1626262516.038797,hue.lightLevel,50.36
1626262816.039252,hue.lightLevel,55.77
1626263116.037925,hue.lightLevel,64.14
1626263416.037883,hue.lightLevel,75.6
1626263711.038143,hue.lightLevel,102.61
1626264011.027637,hue.lightLevel,107.35
1626264311.038573,hue.lightLevel,144.71
1626264611.037473,hue.lightLevel,162.67
1626264906.039514,hue.lightLevel,148.9
1626265206.02351,hue.lightLevel,181.64
1626265506.037755,hue.lightLevel,208.21
1626265806.03855,hue.lightLevel,181.64
1626266106.03591,hue.lightLevel,139.09
1626266406.037431,hue.lightLevel,153.85
1626266701.036436,hue.lightLevel,189.1
1626267001.037391,hue.lightLevel,216.77
1626267261.041934,hue.lightLevel,71.75
1626267566.038223,hue.lightLevel,117.81
1626267861.036618,hue.lightLevel,148.66
1626268161.037131,hue.lightLevel,146.89
1626268461.02521,hue.lightLevel,213.35
1626268566.041162,hue.lightLevel,129.84
1626268871.024402,hue.lightLevel,306.83
1626269021.039032,hue.lightLevel,491.7
1626269096.023272,hue.lightLevel,309.39
1626269391.038607,hue.lightLevel,322.33
1626269691.023722,hue.lightLevel,271.46
1626269991.039412,hue.lightLevel,219.23
1626270291.036925,hue.lightLevel,159.59
1626270591.038842,hue.lightLevel,129.27
1626270891.037413,hue.lightLevel,114.39
1626271191.023993,hue.lightLevel,95.32
1626271491.021068,hue.lightLevel,84.41
1626271786.037716,hue.lightLevel,80.56
1626272091.022404,hue.lightLevel,61.83
1626272391.038336,hue.lightLevel,70.53
1626272686.038036,hue.lightLevel,73.5
1626272986.037647,hue.lightLevel,58.86
1626273286.037761,hue.lightLevel,68.66
1626273586.02479,hue.lightLevel,56.75
1626273886.037452,hue.lightLevel,65.36
1626274186.038853,hue.lightLevel,57.86
1626274466.041016,hue.lightLevel,36.04
1626275066.03679,hue.lightLevel,44.64
1626275366.037436,hue.lightLevel,44.09
1626275666.023188,hue.lightLevel,52.91
1626275966.022577,hue.lightLevel,49.05
1626276266.024551,hue.lightLevel,49.16
1626276561.025871,hue.lightLevel,56.31
1626276861.037646,hue.lightLevel,62.37
1626277161.023346,hue.lightLevel,61.28
1626277461.037323,hue.lightLevel,50.04
1626277761.037683,hue.lightLevel,41.77
1626278061.037915,hue.lightLevel,53.24
1626278361.038824,hue.lightLevel,54.23
1626278661.037427,hue.lightLevel,53.24
1626278961.037579,hue.lightLevel,39.56
1626279261.036937,hue.lightLevel,58.63
1626279561.03707,hue.lightLevel,62.82
1626279856.022681,hue.lightLevel,64.58
1626280156.025305,hue.lightLevel,72.41
1626280456.037863,hue.lightLevel,72.85
1626280756.038077,hue.lightLevel,80.78
1626280761.023825,hue.lightLevel,36.59
1626281061.023245,hue.lightLevel,30.75
1626281361.037482,hue.lightLevel,31.19
1626281661.040165,hue.lightLevel,35.27
1626281961.021686,hue.lightLevel,34.6
1626282261.037708,hue.lightLevel,23.58
1626282556.03837,hue.lightLevel,26.89
1626282856.03752,hue.lightLevel,35.04
1626282916.024386,hue.lightLevel,58.41
1626283216.03708,hue.lightLevel,46.4
1626283511.042579,hue.lightLevel,32.95
1626283796.024333,hue.lightLevel,54.23
1626284096.040655,hue.lightLevel,42.77
1626284391.036437,hue.lightLevel,41.33
1626284691.036553,hue.lightLevel,53.02
1626284991.037969,hue.lightLevel,62.04
1626285291.038746,hue.lightLevel,62.7
1626285586.021385,hue.lightLevel,42.87
1626285886.039187,hue.lightLevel,36.15
1626286186.037231,hue.lightLevel,40.78
1626286486.022419,hue.lightLevel,41.99
1626286786.03874,hue.lightLevel,32.51
1626287086.037873,hue.lightLevel,27.55
1626287381.037709,hue.lightLevel,17.41
1626287681.022699,hue.lightLevel,11.13
1626287981.026419,hue.lightLevel,11.68
1626288581.02413,hue.lightLevel,10.36
1626288876.022953,hue.lightLevel,8.71
1626289176.024684,hue.lightLevel,12.01
1626289476.042321,hue.lightLevel,10.91
1626289771.037947,hue.lightLevel,9.37
1626290071.0368,hue.lightLevel,7.16
1626290366.039274,hue.lightLevel,6.39
1626290666.037405,hue.lightLevel,6.5
1626290961.024419,hue.lightLevel,5.95
1626291151.022524,hue.lightLevel,30.2
1626291446.037174,hue.lightLevel,43.75
1626291746.035583,hue.lightLevel,42.43
1626292046.038294,hue.lightLevel,41.99
1626292161.038021,hue.lightLevel,85.53
1626292461.036194,hue.lightLevel,85.19
1626292761.023836,hue.lightLevel,85.53
1626293061.036872,hue.lightLevel,84.98
1626293066.024682,hue.lightLevel,49.37
1626293366.037541,hue.lightLevel,50.92
1626293666.038199,hue.lightLevel,50.36
1626293966.03753,hue.lightLevel,49.16
1626294266.038008,hue.lightLevel,50.26
1626294561.038567,hue.lightLevel,50.04
1626294861.022685,hue.lightLevel,50.26
1626295161.05275,hue.lightLevel,50.36
1626295461.021623,hue.lightLevel,50.04
1626295761.036794,hue.lightLevel,49.49
1626296061.022952,hue.lightLevel,50.8
1626296196.038948,hue.lightLevel,6.17
1626296201.037059,hue.lightLevel,46.62
1626296501.023393,hue.lightLevel,44.74
1626296801.038105,hue.lightLevel,43.53
1626297101.037464,hue.lightLevel,42.33
1626297401.02261,hue.lightLevel,41.66
1626297586.037587,hue.lightLevel,5.73
1626298186.040188,hue.lightLevel,5.29
1626298481.036797,hue.lightLevel,5.62
1626298781.023549,hue.lightLevel,5.4
1626298926.023226,hue.lightLevel,46.29
1626299226.023261,hue.lightLevel,44.85
1626299526.037843,hue.lightLevel,42.77
1626299606.037308,hue.lightLevel,5.18
1626300206.026932,hue.lightLevel,5.73
1626300506.037854,hue.lightLevel,5.18
1626300806.022881,hue.lightLevel,5.29
1626301106.03803,hue.lightLevel,5.4
1626301406.03717,hue.lightLevel,5.95
1626301621.037246,hue.lightLevel,1.0
1626224400.0,hue.temperature,20.32
1626224761.038378,hue.temperature,20.18
1626225061.023306,hue.temperature,20.04
1626225361.0396,hue.temperature,20.18
1626225656.039436,hue.temperature,20.32
1626227456.038823,hue.temperature,20.18
1626227756.036994,hue.temperature,20.04
1626228356.022824,hue.temperature,20.18
1626228656.037404,hue.temperature,20.32
1626229551.020617,hue.temperature,20.18
1626230751.024683,hue.temperature,20.32
1626231051.023048,hue.temperature,20.18
1626231946.039434,hue.temperature,20.04
1626232846.037784,hue.temperature,20.18
1626233146.02436,hue.temperature,20.32
1626233446.03687,hue.temperature,20.18
1626234046.038863,hue.temperature,20.32
1626234346.037694,hue.temperature,20.18
1626234941.024577,hue.temperature,20.32
1626235241.040816,hue.temperature,20.18
1626235841.021913,hue.temperature,20.32
1626236741.024401,hue.temperature,20.18
1626237041.038151,hue.temperature,20.04
1626237341.023177,hue.temperature,20.18
1626237641.036347,hue.temperature,20.32
1626239136.036849,hue.temperature,20.18
1626239731.0383,hue.temperature,20.32
1626240331.041089,hue.temperature,20.18
1626240931.037575,hue.temperature,20.32
1626241531.057258,hue.temperature,20.18
1626243926.025617,hue.temperature,20.32
1626244221.024764,hue.temperature,20.18
1626244821.03785,hue.temperature,20.32
1626246321.039465,hue.temperature,20.18
1626246616.037627,hue.temperature,20.04
1626246916.037533,hue.temperature,20.18
1626247816.037926,hue.temperature,20.32
1626248416.022145,hue.temperature,20.18
1626249011.037867,hue.temperature,20.32
1626249611.041893,hue.temperature,20.18
1626250206.039682,hue.temperature,20.32
1626250506.021868,hue.temperature,20.46
1626251106.038184,hue.temperature,20.32
1626252901.037209,hue.temperature,20.46
1626253501.024247,hue.temperature,20.32
1626257991.024489,hue.temperature,20.18
1626259191.0378,hue.temperature,20.32
1626261886.040106,hue.temperature,20.18
1626263676.024403,hue.temperature,20.32
1626263976.037669,hue.temperature,20.46
1626264576.036522,hue.temperature,20.18
1626264871.037945,hue.temperature,20.04
1626265171.023522,hue.temperature,20.18
1626265471.021956,hue.temperature,20.32
1626266366.021471,hue.temperature,20.46
1626267266.040497,hue.temperature,20.6
1626268166.02322,hue.temperature,20.74
1626268466.038186,hue.temperature,20.88
1626269361.037323,hue.temperature,21.17
1626269961.025655,hue.temperature,21.02
1626270261.022773,hue.temperature,21.17
1626272356.022635,hue.temperature,21.31
1626272951.035313,hue.temperature,21.17
1626273251.021753,hue.temperature,20.88
1626273551.036933,hue.temperature,20.74
1626273851.02332,hue.temperature,20.6
1626274151.022973,hue.temperature,20.46
1626274451.036929,hue.temperature,20.74
1626275051.023488,hue.temperature,20.6
1626276246.038176,hue.temperature,20.46
1626276546.024821,hue.temperature,20.6
1626276846.038017,hue.temperature,20.74
1626277146.03762,hue.temperature,20.46
1626279241.038547,hue.temperature,20.6
1626279541.036995,hue.temperature,20.74
1626279841.021607,hue.temperature,20.46
1626280141.024009,hue.temperature,20.32
1626282536.020637,hue.temperature,20.46
1626283136.03684,hue.temperature,20.32
1626283431.022483,hue.temperature,20.18
1626284031.038208,hue.temperature,20.46
1626284326.023145,hue.temperature,20.74
1626284626.024047,hue.temperature,20.6
1626284921.024987,hue.temperature,20.46
1626285221.020845,hue.temperature,20.6
1626285521.038389,hue.temperature,20.46
1626285821.039262,hue.temperature,20.32
1626286721.022439,hue.temperature,20.46
1626287316.037089,hue.temperature,20.32
1626287616.038478,hue.temperature,20.6
1626288216.036844,hue.temperature,20.32
1626288811.025862,hue.temperature,20.6
1626289406.023177,hue.temperature,20.46
1626289706.038236,hue.temperature,20.74
1626290596.038852,hue.temperature,21.02
1626291491.037547,hue.temperature,21.17
1626291791.039453,hue.temperature,21.31
1626292386.039342,hue.temperature,21.45
1626292686.038675,hue.temperature,21.17
1626292986.023921,hue.temperature,21.02
1626293581.023555,hue.temperature,20.88
1626294481.039743,hue.temperature,21.02
1626295076.038258,hue.temperature,20.88
1626295376.035748,hue.temperature,21.02
1626295976.024614,hue.temperature,20.88
1626296276.03923,hue.temperature,21.02
1626296576.038709,hue.temperature,21.17
1626296876.022922,hue.temperature,21.02
1626297171.037307,hue.temperature,20.88
1626297771.022926,hue.temperature,21.02
1626298371.037723,hue.temperature,20.88
1626299271.038136,hue.temperature,20.6
1626299571.036487,hue.temperature,20.74
1626299871.037776,hue.temperature,21.02
1626300166.025085,hue.temperature,20.74
1626300766.03877,hue.temperature,20.88
1626301066.038489,hue.temperature,21.02
1626301666.038401,hue.temperature,20.74
1626301966.037904,hue.temperature,20.46
1626302566.03823,hue.temperature,20.6
1626302861.022541,hue.temperature,20.74
1626303461.037632,hue.temperature,20.46
1626304061.02485,hue.temperature,20.32
1626307056.038803,hue.temperature,20.18
1626307656.03666,hue.temperature,20.32
1626308856.023614,hue.temperature,20.18
1626309151.038038,hue.temperature,20.04
1626309451.021517,hue.temperature,20.18
1626309751.037501,hue.temperature,20.32
1626310651.038454,hue.temperature,20.18
1626224400.0,ipCamera.LightLevel,unavailable
1626224400.0,ipCamera.motion,unavailable
1626224400.0,ipCamera.sound,unavailable
1626224400.0,phone.sleepConfidence,95
1626231856.214095,phone.sleepConfidence,97
1626237195.667783,phone.sleepConfidence,5
1626237856.123683,phone.sleepConfidence,97
1626238214.929455,phone.sleepConfidence,5
1626238933.488238,phone.sleepConfidence,95
1626239298.495496,phone.sleepConfidence,97
1626242108.9549,phone.sleepConfidence,47
1626242443.249826,phone.sleepConfidence,94
1626242807.272686,phone.sleepConfidence,92
1626243161.126465,phone.sleepConfidence,93
1626243521.673318,phone.sleepConfidence,97
1626244225.146608,phone.sleepConfidence,5
1626245947.99176,phone.sleepConfidence,3
1626246307.068958,phone.sleepConfidence,5
1626246665.682839,phone.sleepConfidence,3
1626247366.084557,phone.sleepConfidence,1
1626247721.972775,phone.sleepConfidence,7
1626248081.025697,phone.sleepConfidence,10
1626248440.137156,phone.sleepConfidence,69
1626248790.261932,phone.sleepConfidence,23
1626249476.147268,phone.sleepConfidence,28
1626249835.877277,phone.sleepConfidence,58
1626250194.925833,phone.sleepConfidence,66
1626250553.309475,phone.sleepConfidence,1
1626250895.897921,phone.sleepConfidence,6
1626251222.663315,phone.sleepConfidence,2
1626251580.44002,phone.sleepConfidence,11
1626251888.386588,phone.sleepConfidence,6
1626252199.809656,phone.sleepConfidence,29
1626252869.789397,phone.sleepConfidence,95
1626253232.062226,phone.sleepConfidence,97
1626254639.854906,phone.sleepConfidence,78
1626254956.553809,phone.sleepConfidence,35
1626255303.745325,phone.sleepConfidence,30
1626255663.10276,phone.sleepConfidence,52
1626256022.433072,phone.sleepConfidence,80
1626256381.857704,phone.sleepConfidence,97
1626256741.035358,phone.sleepConfidence,96
1626257459.722832,phone.sleepConfidence,95
1626257818.664285,phone.sleepConfidence,97
1626265462.736413,phone.sleepConfidence,21
1626265787.604622,phone.sleepConfidence,19
1626285855.087752,phone.sleepConfidence,3
1626286003.980696,phone.sleepConfidence,1
1626286607.848865,phone.sleepConfidence,2
1626286966.552101,phone.sleepConfidence,77
1626287333.389166,phone.sleepConfidence,74
1626287697.025722,phone.sleepConfidence,95
1626291701.77555,phone.sleepConfidence,23
1626292023.453611,phone.sleepConfidence,3
1626292327.202815,phone.sleepConfidence,5
1626293006.683917,phone.sleepConfidence,14
1626293346.441185,phone.sleepConfidence,64
1626293715.147504,phone.sleepConfidence,74
1626294034.34104,phone.sleepConfidence,37
1626294412.647744,phone.sleepConfidence,90
1626294691.626765,phone.sleepConfidence,3
1626295069.950281,phone.sleepConfidence,7
1626295419.464483,phone.sleepConfidence,4
1626295726.659079,phone.sleepConfidence,2
1626296102.252887,phone.sleepConfidence,0
1626296446.401683,phone.sleepConfidence,42
1626296783.980163,phone.sleepConfidence,30
1626297152.643508,phone.sleepConfidence,95
1626298940.141111,phone.sleepConfidence,94
1626299305.897975,phone.sleepConfidence,95
1626299676.320001,phone.sleepConfidence,93
1626300033.02753,phone.sleepConfidence,94
1626300579.565275,phone.sleepConfidence,95
1626302489.922297,phone.sleepConfidence,4
1626302785.0737,phone.sleepConfidence,5
1626303145.154875,phone.sleepConfidence,2
1626303507.006938,phone.sleepConfidence,55
1626303864.538855,phone.sleepConfidence,60
1626304193.883747,phone.sleepConfidence,88
1626304521.358989,phone.sleepConfidence,17
1626304857.799487,phone.sleepConfidence,27
1626305217.044552,phone.sleepConfidence,75
1626305576.392548,phone.sleepConfidence,82
1626305935.546249,phone.sleepConfidence,80
1626306294.887232,phone.sleepConfidence,71
1626306659.555696,phone.sleepConfidence,88
1626307373.091777,phone.sleepConfidence,94
1626307732.242405,phone.sleepConfidence,66
1626308405.194127,phone.sleepConfidence,82
1626308945.407068,phone.sleepConfidence,91
1626309491.725124,phone.sleepConfidence,72
1626310025.617002,phone.sleepConfidence,87
1626310565.984448,phone.sleepConfidence,72
1626224400.0,phone.activity,still
1626248790.261011,phone.activity,unknown
1626249115.144461,phone.activity,still
1626250895.897022,phone.activity,tilting
1626250984.466064,phone.activity,still
1626265590.085514,phone.activity,unknown
1626265787.603731,phone.activity,walking
1626285855.086885,phone.activity,in_vehicle
1626285875.018307,phone.activity,still
1626286003.979781,phone.activity,unknown
1626286315.727626,phone.activity,still
1626292023.416631,phone.activity,unknown
1626292023.452563,phone.activity,walking
1626292122.139338,phone.activity,still
1626292327.201966,phone.activity,unknown
1626292685.15145,phone.activity,still
1626302785.072674,phone.activity,unknown
1626303145.154021,phone.activity,still
1626224400.0,phone.sleepSegment,5760000.0
1626237497.078972,phone.sleepSegment,3600000.0
1626224400.0,sun,below_horizon
1626233507.012801,sun,above_horizon
1626291090.04736,sun,below_horizon
1626224400.0,weather.homeLocation,cloudy
1626224963.521206,weather.homeLocation,partlycloudy
1626239123.548073,weather.homeLocation,cloudy
1626253283.53302,weather.homeLocation,rainy
1626270983.718001,weather.homeLocation,cloudy
1626278063.552156,weather.homeLocation,partlycloudy
1626281603.549856,weather.homeLocation,cloudy
1626288683.559348,weather.homeLocation,partlycloudy
1626302843.548249,weather.homeLocation,cloudy
1626224400.0,weather.town,cloudy
1626261195.71045,weather.town,rainy
1626268576.107327,weather.town,cloudy
